Workbook

Sheet Verificacao
A1: PLANILHA INDEPENDENTE DE VERIFICAÇÃO DO SIMULADOR – BALANÇO HÍDRICO MENSAL
A3: USO: cole a série histórica 1910–2021 em Vazoes_COLAR (A1:M113) e selecione o reservatório em B6. O balanço começa automaticamente no primeiro mês que possuir vazão. Assim, se jan–out/1910 estiverem vazios e nov/1910 for o primeiro dado, jan–out são ignorados e o volume inicial de B11 é aplicado em nov/1910.
A5: PARÂMETRO | B5: VALOR | D5: INDICADOR | E5: RESULTADO | G5: LÓGICA REPRODUZIDA
A6: Reservatório | B6: Mundaú | D6: Meses válidos | E6: =COUNT($D$24:$D$1367) -> 1332 | G6: Mês de 30 dias; Q convertido por 2,592 hm³/mês; interpolação linear na CAV; evaporação calculada com área média entre a área inicial e a área da primeira estimativa; retirada limitada pela disponibilidade; excedente acima da capacidade vira vertimento. | K6: jan/1910 a dez/2021
A7: Código | B7: {=IFERROR(INDEX(Dados_Acudes!$B$2:$B$156,MATCH(B6,Dados_Acudes!$A$2:$A$156,0)),"")} -> 61 | D7: Falhas | E7: =COUNTIF($V$24:$V$1367,"Sim") -> 142 | K7: Automático no primeiro mês com vazão
A8: Capacidade (hm³) | B8: {=IFERROR(INDEX(Dados_Acudes!$C$2:$C$156,MATCH(B6,Dados_Acudes!$A$2:$A$156,0))/1000000,"")} -> 21.3 | D8: Atendimento global (%) | E8: =IFERROR(SUM($Q$24:$Q$1367)/SUM($K$24:$K$1367)*100,0) -> 91.772309 | K8: {=IFERROR(INDEX($A$24:$A$1367,MATCH(1,$AC$24:$AC$1367,0)),"")} -> 4019
A9: Estação de evaporação | B9: {=IFERROR(INDEX(Dados_Acudes!$F$2:$F$156,MATCH(B6,Dados_Acudes!$A$2:$A$156,0)),"")} -> 13 | D9: Vertimento total (hm³) | E9: =SUM($T$24:$T$1367) -> 240.33685 | K9: =IF(E6=0,"",LOOKUP(2,1/($D$24:$D$1367<>""),$A$24:$A$1367)) -> 44531
A10: Volume inicial (% capacidade) | B10: 50 | D10: Evaporação total (hm³) | E10: =SUM($O$24:$O$1367) -> 175.85924 | K10: =IF(K8="","",(YEAR(K8)-1910)*12+MONTH(K8)-1) -> 12
A11: Volume inicial (hm³) | B11: =B8*B10/100 -> 10.65 | D11: Resíduo máximo |ε| (hm³) | E11: =IF(E6=0,0,MAX($X$24:$X$1367)) -> 5.4426949e-17 | K11: =E6 -> 1332
A12: Demanda constante (m³/s) | B12: 0.25 | D12: Volume mínimo (hm³) | E12: =IF(E6=0,0,MIN($U$24:$U$1367)) -> 0 | K12: =IF(OR(K8="",K9=""),"",(YEAR(K9)-YEAR(K8))*12+MONTH(K9)-MONTH(K8)+1-E6) -> 0
A13: Demanda constante (L/s) | B13: =B12*1000 -> 250 | D13: Volume máximo (hm³) | E13: =IF(E6=0,0,MAX($U$24:$U$1367)) -> 21.3 | K13: =IF(E6=0,"SEM DADOS",IF(K12=0,"OK","VERIFICAR LACUNAS")) -> OK
A14: Dias por mês | B14: 30 | D14: Situação do balanço | E14: =IF(E11<=B19,"OK","VERIFICAR") -> OK
A15: Conversão m³/s → hm³/mês | B15: =B14*86400/1000000 -> 2.592
A16: CAV mín. (hm³) | B16: {=IFERROR(INDEX(Dados_CAV!$E:$E,B20),"")} -> 0 | D16: Volumes físicos negativos | E16: =COUNTIF($H$24:$H$1367,"<0")+COUNTIF($U$24:$U$1367,"<0") -> 0 | G16: Versão nativa para LibreOffice Calc, sem LET, MAP, SCAN, MAKEARRAY ou matrizes dinâmicas.
A17: CAV máx. (hm³) | B17: {=IFERROR(INDEX(Dados_CAV!$E:$E,B20+B21-1),"")} -> 44.45 | D17: Status limites físicos | E17: =IF(E16=0,"OK","ERRO") -> OK
A18: Pontos CAV | B18: =B21 -> 12
A19: Tolerância do resíduo (hm³) | B19: 1e-08
A20: Linha inicial CAV | B20: {=IFERROR(INDEX(Dados_Acudes!$K$2:$K$156,MATCH(B6,Dados_Acudes!$A$2:$A$156,0)),"")} -> 1177
A21: Quantidade linhas CAV | B21: {=IFERROR(INDEX(Dados_Acudes!$L$2:$L$156,MATCH(B6,Dados_Acudes!$A$2:$A$156,0)),0)} -> 12
A23: Data | B23: Ano | C23: Mês nº | D23: Vazão (m³/s) | E23: Afluência (hm³) | F23: Evap. (mm) | G23: Evap. (m) | H23: Armaz. inicial (hm³) | I23: Área inicial (km²) | J23: Dem. solicitada (m³/s) | K23: Dem. solicitada (hm³) | L23: Saldo interno 1 (hm³) | M23: Área preliminar (km²) | N23: Área média (km²) | O23: Evaporação (hm³) | P23: Saldo interno 2 (hm³) | Q23: Retirada efetiva (hm³) | R23: Dem. atendida (m³/s) | S23: Déficit (m³/s) | T23: Vertimento (hm³) | U23: Armaz. final (hm³) | V23: Falha | W23: Resíduo ε (hm³) | X23: |ε| (hm³) | Y23: Volume final (%) | Z23: Estado interno auxiliar (hm³)
A24: =IF(D24="","",DATE(B24,C24,1)) | B24: {=IF(D24="","",IFERROR(VALUE(INDEX(Vazoes_COLAR!$A$2:$A$200,INT((ROW()-24)/12)+1)),""))} | C24: =IF(D24="","",MOD(ROW()-24,12)+1) | D24: {=IF(ISBLANK(INDEX(Vazoes_COLAR!$B$2:$M$200,INT((ROW()-24)/12)+1,MOD(ROW()-24,12)+1)),"",IF(ISNUMBER(INDEX(Vazoes_COLAR!$B$2:$M$200,INT((ROW()-24)/12)+1,MOD(ROW()-24,12)+1)),INDEX(Vazoes_COLAR!$B$2:$M$200,INT((ROW()-24)/12)+1,MOD(ROW()-24,12)+1),IFERROR(numbervalue(INDEX(Vazoes_COLAR!$B$2:$M$200,INT((ROW()-24)/12)+1,MOD(ROW()-24,12)+1),",","."),"")))} | E24: =IF(D24="","",D24*$B$15) | F24: {=IF(D24="","",IFERROR(INDEX(Dados_Evap!$C$2:$N$15,MATCH($B$9,Dados_Evap!$A$2:$A$15,0),C24),0))} | G24: =IF(F24="","",F24/1000) | H24: =IF(D24="","",MAX(0,MIN($B$8,$B$11))) | I24: {=IF(D24="","",IF(H24<=$B$16,INDEX(Aux_CAV!$B$2:$B$121,1),IF(H24>=$B$17,INDEX(Aux_CAV!$B$2:$B$121,$B$21),INDEX(Aux_CAV!$B$2:$B$121,AA24)+(H24-INDEX(Aux_CAV!$A$2:$A$121,AA24))*(INDEX(Aux_CAV!$B$2:$B$121,AA24+1)-INDEX(Aux_CAV!$B$2:$B$121,AA24))/(INDEX(Aux_CAV!$A$2:$A$121,AA24+1)-INDEX(Aux_CAV!$A$2:$A$121,AA24)))))} | J24: =IF(D24="","",$B$12) | K24: =IF(J24="","",J24*$B$15) | L24: =IF(D24="","",H24+E24-K24-G24*I24) | M24: {=IF(D24="","",IF(L24<=$B$16,INDEX(Aux_CAV!$B$2:$B$121,1),IF(L24>=$B$17,INDEX(Aux_CAV!$B$2:$B$121,$B$21),INDEX(Aux_CAV!$B$2:$B$121,AB24)+(L24-INDEX(Aux_CAV!$A$2:$A$121,AB24))*(INDEX(Aux_CAV!$B$2:$B$121,AB24+1)-INDEX(Aux_CAV!$B$2:$B$121,AB24))/(INDEX(Aux_CAV!$A$2:$A$121,AB24+1)-INDEX(Aux_CAV!$A$2:$A$121,AB24)))))} | N24: =IF(D24="","",(I24+M24)/2) | O24: =IF(D24="","",G24*N24) | P24: =IF(D24="","",H24+E24-K24-O24) | Q24: =IF(D24="","",IF(P24>=0,K24,MAX(0,K24+P24))) | R24: =IF(D24="","",Q24/$B$15) | S24: =IF(D24="","",MAX(0,J24-R24)) | T24: =IF(D24="","",MAX(0,Z24-$B$8)) | U24: =IF(D24="","",MAX(0,MIN($B$8,Z24))) | V24: =IF(D24="","",IF(S24>0.0000001,"Sim","Não")) | W24: =IF(D24="","",U24-(H24+E24-Q24-O24-T24)) | X24: =IF(W24="","",ABS(W24)) | Y24: =IF(U24="","",IF($B$8=0,0,U24/$B$8*100)) | Z24: =IF(D24="","",MAX(0,IF(P24>=0,P24,IF(K24+P24>=0,0,P24+K24)))) | AA24: =IF(D24="","",IF(H24<=$B$16,1,IF(H24>=$B$17,$B$21,MATCH(H24,Aux_CAV!$A$2:$A$121,1)))) | AB24: =IF(D24="","",IF(L24<=$B$16,1,IF(L24>=$B$17,$B$21,MATCH(L24,Aux_CAV!$A$2:$A$121,1)))) | AC24: =IF(D24="","",COUNT($D$24:D24))
A25: =IF(D25="","",DATE(B25,C25,1)) | B25: {=IF(D25="","",IFERROR(VALUE(INDEX(Vazoes_COLAR!$A$2:$A$200,INT((ROW()-24)/12)+1)),""))} | C25: =IF(D25="","",MOD(ROW()-24,12)+1) | D25: {=IF(ISBLANK(INDEX(Vazoes_COLAR!$B$2:$M$200,INT((ROW()-24)/12)+1,MOD(ROW()-24,12)+1)),"",IF(ISNUMBER(INDEX(Vazoes_COLAR!$B$2:$M$200,INT((ROW()-24)/12)+1,MOD(ROW()-24,12)+1)),INDEX(Vazoes_COLAR!$B$2:$M$200,INT((ROW()-24)/12)+1,MOD(ROW()-24,12)+1),IFERROR(numbervalue(INDEX(Vazoes_COLAR!$B$2:$M$200,INT((ROW()-24)/12)+1,MOD(ROW()-24,12)+1),",","."),"")))} | E25: =IF(D25="","",D25*$B$15) | F25: {=IF(D25="","",IFERROR(INDEX(Dados_Evap!$C$2:$N$15,MATCH($B$9,Dados_Evap!$A$2:$A$15,0),C25),0))} | G25: =IF(F25="","",F25/1000) | H25: =IF(D25="","",MAX(0,MIN($B$8,IFERROR(LOOKUP(2,1/($U$24:U24<>""),$U$24:U24),$B$11)))) | I25: {=IF(D25="","",IF(H25<=$B$16,INDEX(Aux_CAV!$B$2:$B$121,1),IF(H25>=$B$17,INDEX(Aux_CAV!$B$2:$B$121,$B$21),INDEX(Aux_CAV!$B$2:$B$121,AA25)+(H25-INDEX(Aux_CAV!$A$2:$A$121,AA25))*(INDEX(Aux_CAV!$B$2:$B$121,AA25+1)-INDEX(Aux_CAV!$B$2:$B$121,AA25))/(INDEX(Aux_CAV!$A$2:$A$121,AA25+1)-INDEX(Aux_CAV!$A$2:$A$121,AA25)))))} | J25: =IF(D25="","",$B$12) | K25: =IF(J25="","",J25*$B$15) | L25: =IF(D25="","",H25+E25-K25-G25*I25) | M25: {=IF(D25="","",IF(L25<=$B$16,INDEX(Aux_CAV!$B$2:$B$121,1),IF(L25>=$B$17,INDEX(Aux_CAV!$B$2:$B$121,$B$21),INDEX(Aux_CAV!$B$2:$B$121,AB25)+(L25-INDEX(Aux_CAV!$A$2:$A$121,AB25))*(INDEX(Aux_CAV!$B$2:$B$121,AB25+1)-INDEX(Aux_CAV!$B$2:$B$121,AB25))/(INDEX(Aux_CAV!$A$2:$A$121,AB25+1)-INDEX(Aux_CAV!$A$2:$A$121,AB25)))))} | N25: =IF(D25="","",(I25+M25)/2) | O25: =IF(D25="","",G25*N25) | P25: =IF(D25="","",H25+E25-K25-O25) | Q25: =IF(D25="","",IF(P25>=0,K25,MAX(0,K25+P25))) | R25: =IF(D25="","",Q25/$B$15) | S25: =IF(D25="","",MAX(0,J25-R25)) | T25: =IF(D25="","",MAX(0,Z25-$B$8)) | U25: =IF(D25="","",MAX(0,MIN($B$8,Z25))) | V25: =IF(D25="","",IF(S25>0.0000001,"Sim","Não")) | W25: =IF(D25="","",U25-(H25+E25-Q25-O25-T25)) | X25: =IF(W25="","",ABS(W25)) | Y25: =IF(U25="","",IF($B$8=0,0,U25/$B$8*100)) | Z25: =IF(D25="","",MAX(0,IF(P25>=0,P25,IF(K25+P25>=0,0,P25+K25)))) | AA25: =IF(D25="","",IF(H25<=$B$16,1,IF(H25>=$B$17,$B$21,MATCH(H25,Aux_CAV!$A$2:$A$121,1)))) | AB25: =IF(D25="","",IF(L25<=$B$16,1,IF(L25>=$B$17,$B$21,MATCH(L25,Aux_CAV!$A$2:$A$121,1)))) | AC25: =IF(D25="","",COUNT($D$24:D25))
A26: =IF(D26="","",DATE(B26,C26,1)) | B26: {=IF(D26="","",IFERROR(VALUE(INDEX(Vazoes_COLAR!$A$2:$A$200,INT((ROW()-24)/12)+1)),""))} | C26: =IF(D26="","",MOD(ROW()-24,12)+1) | D26: {=IF(ISBLANK(INDEX(Vazoes_COLAR!$B$2:$M$200,INT((ROW()-24)/12)+1,MOD(ROW()-24,12)+1)),"",IF(ISNUMBER(INDEX(Vazoes_COLAR!$B$2:$M$200,INT((ROW()-24)/12)+1,MOD(ROW()-24,12)+1)),INDEX(Vazoes_COLAR!$B$2:$M$200,INT((ROW()-24)/12)+1,MOD(ROW()-24,12)+1),IFERROR(numbervalue(INDEX(Vazoes_COLAR!$B$2:$M$200,INT((ROW()-24)/12)+1,MOD(ROW()-24,12)+1),",","."),"")))} | E26: =IF(D26="","",D26*$B$15) | F26: {=IF(D26="","",IFERROR(INDEX(Dados_Evap!$C$2:$N$15,MATCH($B$9,Dados_Evap!$A$2:$A$15,0),C26),0))} | G26: =IF(F26="","",F26/1000) | H26: =IF(D26="","",MAX(0,MIN($B$8,IFERROR(LOOKUP(2,1/($U$24:U25<>""),$U$24:U25),$B$11)))) | I26: {=IF(D26="","",IF(H26<=$B$16,INDEX(Aux_CAV!$B$2:$B$121,1),IF(H26>=$B$17,INDEX(Aux_CAV!$B$2:$B$121,$B$21),INDEX(Aux_CAV!$B$2:$B$121,AA26)+(H26-INDEX(Aux_CAV!$A$2:$A$121,AA26))*(INDEX(Aux_CAV!$B$2:$B$121,AA26+1)-INDEX(Aux_CAV!$B$2:$B$121,AA26))/(INDEX(Aux_CAV!$A$2:$A$121,AA26+1)-INDEX(Aux_CAV!$A$2:$A$121,AA26)))))} | J26: =IF(D26="","",$B$12) | K26: =IF(J26="","",J26*$B$15) | L26: =IF(D26="","",H26+E26-K26-G26*I26) | M26: {=IF(D26="","",IF(L26<=$B$16,INDEX(Aux_CAV!$B$2:$B$121,1),IF(L26>=$B$17,INDEX(Aux_CAV!$B$2:$B$121,$B$21),INDEX(Aux_CAV!$B$2:$B$121,AB26)+(L26-INDEX(Aux_CAV!$A$2:$A$121,AB26))*(INDEX(Aux_CAV!$B$2:$B$121,AB26+1)-INDEX(Aux_CAV!$B$2:$B$121,AB26))/(INDEX(Aux_CAV!$A$2:$A$121,AB26+1)-INDEX(Aux_CAV!$A$2:$A$121,AB26)))))} | N26: =IF(D26="","",(I26+M26)/2) | O26: =IF(D26="","",G26*N26) | P26: =IF(D26="","",H26+E26-K26-O26) | Q26: =IF(D26="","",IF(P26>=0,K26,MAX(0,K26+P26))) | R26: =IF(D26="","",Q26/$B$15) | S26: =IF(D26="","",MAX(0,J26-R26)) | T26: =IF(D26="","",MAX(0,Z26-$B$8)) | U26: =IF(D26="","",MAX(0,MIN($B$8,Z26))) | V26: =IF(D26="","",IF(S26>0.0000001,"Sim","Não")) | W26: =IF(D26="","",U26-(H26+E26-Q26-O26-T26)) | X26: =IF(W26="","",ABS(W26)) | Y26: =IF(U26="","",IF($B$8=0,0,U26/$B$8*100)) | Z26: =IF(D26="","",MAX(0,IF(P26>=0,P26,IF(K26+P26>=0,0,P26+K26)))) | AA26: =IF(D26="","",IF(H26<=$B$16,1,IF(H26>=$B$17,$B$21,MATCH(H26,Aux_CAV!$A$2:$A$121,1)))) | AB26: =IF(D26="","",IF(L26<=$B$16,1,IF(L26>=$B$17,$B$21,MATCH(L26,Aux_CAV!$A$2:$A$121,1)))) | AC26: =IF(D26="","",COUNT($D$24:D26))
A27: =IF(D27="","",DATE(B27,C27,1)) | B27: {=IF(D27="","",IFERROR(VALUE(INDEX(Vazoes_COLAR!$A$2:$A$200,INT((ROW()-24)/12)+1)),""))} | C27: =IF(D27="","",MOD(ROW()-24,12)+1) | D27: {=IF(ISBLANK(INDEX(Vazoes_COLAR!$B$2:$M$200,INT((ROW()-24)/12)+1,MOD(ROW()-24,12)+1)),"",IF(ISNUMBER(INDEX(Vazoes_COLAR!$B$2:$M$200,INT((ROW()-24)/12)+1,MOD(ROW()-24,12)+1)),INDEX(Vazoes_COLAR!$B$2:$M$200,INT((ROW()-24)/12)+1,MOD(ROW()-24,12)+1),IFERROR(numbervalue(INDEX(Vazoes_COLAR!$B$2:$M$200,INT((ROW()-24)/12)+1,MOD(ROW()-24,12)+1),",","."),"")))} | E27: =IF(D27="","",D27*$B$15) | F27: {=IF(D27="","",IFERROR(INDEX(Dados_Evap!$C$2:$N$15,MATCH($B$9,Dados_Evap!$A$2:$A$15,0),C27),0))} | G27: =IF(F27="","",F27/1000) | H27: =IF(D27="","",MAX(0,MIN($B$8,IFERROR(LOOKUP(2,1/($U$24:U26<>""),$U$24:U26),$B$11)))) | I27: {=IF(D27="","",IF(H27<=$B$16,INDEX(Aux_CAV!$B$2:$B$121,1),IF(H27>=$B$17,INDEX(Aux_CAV!$B$2:$B$121,$B$21),INDEX(Aux_CAV!$B$2:$B$121,AA27)+(H27-INDEX(Aux_CAV!$A$2:$A$121,AA27))*(INDEX(Aux_CAV!$B$2:$B$121,AA27+1)-INDEX(Aux_CAV!$B$2:$B$121,AA27))/(INDEX(Aux_CAV!$A$2:$A$121,AA27+1)-INDEX(Aux_CAV!$A$2:$A$121,AA27)))))} | J27: =IF(D27="","",$B$12) | K27: =IF(J27="","",J27*$B$15) | L27: =IF(D27="","",H27+E27-K27-G27*I27) | M27: {=IF(D27="","",IF(L27<=$B$16,INDEX(Aux_CAV!$B$2:$B$121,1),IF(L27>=$B$17,INDEX(Aux_CAV!$B$2:$B$121,$B$21),INDEX(Aux_CAV!$B$2:$B$121,AB27)+(L27-INDEX(Aux_CAV!$A$2:$A$121,AB27))*(INDEX(Aux_CAV!$B$2:$B$121,AB27+1)-INDEX(Aux_CAV!$B$2:$B$121,AB27))/(INDEX(Aux_CAV!$A$2:$A$121,AB27+1)-INDEX(Aux_CAV!$A$2:$A$121,AB27)))))} | N27: =IF(D27="","",(I27+M27)/2) | O27: =IF(D27="","",G27*N27) | P27: =IF(D27="","",H27+E27-K27-O27) | Q27: =IF(D27="","",IF(P27>=0,K27,MAX(0,K27+P27))) | R27: =IF(D27="","",Q27/$B$15) | S27: =IF(D27="","",MAX(0,J27-R27)) | T27: =IF(D27="","",MAX(0,Z27-$B$8)) | U27: =IF(D27="","",MAX(0,MIN($B$8,Z27))) | V27: =IF(D27="","",IF(S27>0.0000001,"Sim","Não")) | W27: =IF(D27="","",U27-(H27+E27-Q27-O27-T27)) | X27: =IF(W27="","",ABS(W27)) | Y27: =IF(U27="","",IF($B$8=0,0,U27/$B$8*100)) | Z27: =IF(D27="","",MAX(0,IF(P27>=0,P27,IF(K27+P27>=0,0,P27+K27)))) | AA27: =IF(D27="","",IF(H27<=$B$16,1,IF(H27>=$B$17,$B$21,MATCH(H27,Aux_CAV!$A$2:$A$121,1)))) | AB27: =IF(D27="","",IF(L27<=$B$16,1,IF(L27>=$B$17,$B$21,MATCH(L27,Aux_CAV!$A$2:$A$121,1)))) | AC27: =IF(D27="","",COUNT($D$24:D27))
A28: =IF(D28="","",DATE(B28,C28,1)) | B28: {=IF(D28="","",IFERROR(VALUE(INDEX(Vazoes_COLAR!$A$2:$A$200,INT((ROW()-24)/12)+1)),""))} | C28: =IF(D28="","",MOD(ROW()-24,12)+1) | D28: {=IF(ISBLANK(INDEX(Vazoes_COLAR!$B$2:$M$200,INT((ROW()-24)/12)+1,MOD(ROW()-24,12)+1)),"",IF(ISNUMBER(INDEX(Vazoes_COLAR!$B$2:$M$200,INT((ROW()-24)/12)+1,MOD(ROW()-24,12)+1)),INDEX(Vazoes_COLAR!$B$2:$M$200,INT((ROW()-24)/12)+1,MOD(ROW()-24,12)+1),IFERROR(numbervalue(INDEX(Vazoes_COLAR!$B$2:$M$200,INT((ROW()-24)/12)+1,MOD(ROW()-24,12)+1),",","."),"")))} | E28: =IF(D28="","",D28*$B$15) | F28: {=IF(D28="","",IFERROR(INDEX(Dados_Evap!$C$2:$N$15,MATCH($B$9,Dados_Evap!$A$2:$A$15,0),C28),0))} | G28: =IF(F28="","",F28/1000) | H28: =IF(D28="","",MAX(0,MIN($B$8,IFERROR(LOOKUP(2,1/($U$24:U27<>""),$U$24:U27),$B$11)))) | I28: {=IF(D28="","",IF(H28<=$B$16,INDEX(Aux_CAV!$B$2:$B$121,1),IF(H28>=$B$17,INDEX(Aux_CAV!$B$2:$B$121,$B$21),INDEX(Aux_CAV!$B$2:$B$121,AA28)+(H28-INDEX(Aux_CAV!$A$2:$A$121,AA28))*(INDEX(Aux_CAV!$B$2:$B$121,AA28+1)-INDEX(Aux_CAV!$B$2:$B$121,AA28))/(INDEX(Aux_CAV!$A$2:$A$121,AA28+1)-INDEX(Aux_CAV!$A$2:$A$121,AA28)))))} | J28: =IF(D28="","",$B$12) | K28: =IF(J28="","",J28*$B$15) | L28: =IF(D28="","",H28+E28-K28-G28*I28) | M28: {=IF(D28="","",IF(L28<=$B$16,INDEX(Aux_CAV!$B$2:$B$121,1),IF(L28>=$B$17,INDEX(Aux_CAV!$B$2:$B$121,$B$21),INDEX(Aux_CAV!$B$2:$B$121,AB28)+(L28-INDEX(Aux_CAV!$A$2:$A$121,AB28))*(INDEX(Aux_CAV!$B$2:$B$121,AB28+1)-INDEX(Aux_CAV!$B$2:$B$121,AB28))/(INDEX(Aux_CAV!$A$2:$A$121,AB28+1)-INDEX(Aux_CAV!$A$2:$A$121,AB28)))))} | N28: =IF(D28="","",(I28+M28)/2) | O28: =IF(D28="","",G28*N28) | P28: =IF(D28="","",H28+E28-K28-O28) | Q28: =IF(D28="","",IF(P28>=0,K28,MAX(0,K28+P28))) | R28: =IF(D28="","",Q28/$B$15) | S28: =IF(D28="","",MAX(0,J28-R28)) | T28: =IF(D28="","",MAX(0,Z28-$B$8)) | U28: =IF(D28="","",MAX(0,MIN($B$8,Z28))) | V28: =IF(D28="","",IF(S28>0.0000001,"Sim","Não")) | W28: =IF(D28="","",U28-(H28+E28-Q28-O28-T28)) | X28: =IF(W28="","",ABS(W28)) | Y28: =IF(U28="","",IF($B$8=0,0,U28/$B$8*100)) | Z28: =IF(D28="","",MAX(0,IF(P28>=0,P28,IF(K28+P28>=0,0,P28+K28)))) | AA28: =IF(D28="","",IF(H28<=$B$16,1,IF(H28>=$B$17,$B$21,MATCH(H28,Aux_CAV!$A$2:$A$121,1)))) | AB28: =IF(D28="","",IF(L28<=$B$16,1,IF(L28>=$B$17,$B$21,MATCH(L28,Aux_CAV!$A$2:$A$121,1)))) | AC28: =IF(D28="","",COUNT($D$24:D28))
A29: =IF(D29="","",DATE(B29,C29,1)) | B29: {=IF(D29="","",IFERROR(VALUE(INDEX(Vazoes_COLAR!$A$2:$A$200,INT((ROW()-24)/12)+1)),""))} | C29: =IF(D29="","",MOD(ROW()-24,12)+1) | D29: {=IF(ISBLANK(INDEX(Vazoes_COLAR!$B$2:$M$200,INT((ROW()-24)/12)+1,MOD(ROW()-24,12)+1)),"",IF(ISNUMBER(INDEX(Vazoes_COLAR!$B$2:$M$200,INT((ROW()-24)/12)+1,MOD(ROW()-24,12)+1)),INDEX(Vazoes_COLAR!$B$2:$M$200,INT((ROW()-24)/12)+1,MOD(ROW()-24,12)+1),IFERROR(numbervalue(INDEX(Vazoes_COLAR!$B$2:$M$200,INT((ROW()-24)/12)+1,MOD(ROW()-24,12)+1),",","."),"")))} | E29: =IF(D29="","",D29*$B$15) | F29: {=IF(D29="","",IFERROR(INDEX(Dados_Evap!$C$2:$N$15,MATCH($B$9,Dados_Evap!$A$2:$A$15,0),C29),0))} | G29: =IF(F29="","",F29/1000) | H29: =IF(D29="","",MAX(0,MIN($B$8,IFERROR(LOOKUP(2,1/($U$24:U28<>""),$U$24:U28),$B$11)))) | I29: {=IF(D29="","",IF(H29<=$B$16,INDEX(Aux_CAV!$B$2:$B$121,1),IF(H29>=$B$17,INDEX(Aux_CAV!$B$2:$B$121,$B$21),INDEX(Aux_CAV!$B$2:$B$121,AA29)+(H29-INDEX(Aux_CAV!$A$2:$A$121,AA29))*(INDEX(Aux_CAV!$B$2:$B$121,AA29+1)-INDEX(Aux_CAV!$B$2:$B$121,AA29))/(INDEX(Aux_CAV!$A$2:$A$121,AA29+1)-INDEX(Aux_CAV!$A$2:$A$121,AA29)))))} | J29: =IF(D29="","",$B$12) | K29: =IF(J29="","",J29*$B$15) | L29: =IF(D29="","",H29+E29-K29-G29*I29) | M29: {=IF(D29="","",IF(L29<=$B$16,INDEX(Aux_CAV!$B$2:$B$121,1),IF(L29>=$B$17,INDEX(Aux_CAV!$B$2:$B$121,$B$21),INDEX(Aux_CAV!$B$2:$B$121,AB29)+(L29-INDEX(Aux_CAV!$A$2:$A$121,AB29))*(INDEX(Aux_CAV!$B$2:$B$121,AB29+1)-INDEX(Aux_CAV!$B$2:$B$121,AB29))/(INDEX(Aux_CAV!$A$2:$A$121,AB29+1)-INDEX(Aux_CAV!$A$2:$A$121,AB29)))))} | N29: =IF(D29="","",(I29+M29)/2) | O29: =IF(D29="","",G29*N29) | P29: =IF(D29="","",H29+E29-K29-O29) | Q29: =IF(D29="","",IF(P29>=0,K29,MAX(0,K29+P29))) | R29: =IF(D29="","",Q29/$B$15) | S29: =IF(D29="","",MAX(0,J29-R29)) | T29: =IF(D29="","",MAX(0,Z29-$B$8)) | U29: =IF(D29="","",MAX(0,MIN($B$8,Z29))) | V29: =IF(D29="","",IF(S29>0.0000001,"Sim","Não")) | W29: =IF(D29="","",U29-(H29+E29-Q29-O29-T29)) | X29: =IF(W29="","",ABS(W29)) | Y29: =IF(U29="","",IF($B$8=0,0,U29/$B$8*100)) | Z29: =IF(D29="","",MAX(0,IF(P29>=0,P29,IF(K29+P29>=0,0,P29+K29)))) | AA29: =IF(D29="","",IF(H29<=$B$16,1,IF(H29>=$B$17,$B$21,MATCH(H29,Aux_CAV!$A$2:$A$121,1)))) | AB29: =IF(D29="","",IF(L29<=$B$16,1,IF(L29>=$B$17,$B$21,MATCH(L29,Aux_CAV!$A$2:$A$121,1)))) | AC29: =IF(D29="","",COUNT($D$24:D29))
A30: =IF(D30="","",DATE(B30,C30,1)) | B30: {=IF(D30="","",IFERROR(VALUE(INDEX(Vazoes_COLAR!$A$2:$A$200,INT((ROW()-24)/12)+1)),""))} | C30: =IF(D30="","",MOD(ROW()-24,12)+1) | D30: {=IF(ISBLANK(INDEX(Vazoes_COLAR!$B$2:$M$200,INT((ROW()-24)/12)+1,MOD(ROW()-24,12)+1)),"",IF(ISNUMBER(INDEX(Vazoes_COLAR!$B$2:$M$200,INT((ROW()-24)/12)+1,MOD(ROW()-24,12)+1)),INDEX(Vazoes_COLAR!$B$2:$M$200,INT((ROW()-24)/12)+1,MOD(ROW()-24,12)+1),IFERROR(numbervalue(INDEX(Vazoes_COLAR!$B$2:$M$200,INT((ROW()-24)/12)+1,MOD(ROW()-24,12)+1),",","."),"")))} | E30: =IF(D30="","",D30*$B$15) | F30: {=IF(D30="","",IFERROR(INDEX(Dados_Evap!$C$2:$N$15,MATCH($B$9,Dados_Evap!$A$2:$A$15,0),C30),0))} | G30: =IF(F30="","",F30/1000) | H30: =IF(D30="","",MAX(0,MIN($B$8,IFERROR(LOOKUP(2,1/($U$24:U29<>""),$U$24:U29),$B$11)))) | I30: {=IF(D30="","",IF(H30<=$B$16,INDEX(Aux_CAV!$B$2:$B$121,1),IF(H30>=$B$17,INDEX(Aux_CAV!$B$2:$B$121,$B$21),INDEX(Aux_CAV!$B$2:$B$121,AA30)+(H30-INDEX(Aux_CAV!$A$2:$A$121,AA30))*(INDEX(Aux_CAV!$B$2:$B$121,AA30+1)-INDEX(Aux_CAV!$B$2:$B$121,AA30))/(INDEX(Aux_CAV!$A$2:$A$121,AA30+1)-INDEX(Aux_CAV!$A$2:$A$121,AA30)))))} | J30: =IF(D30="","",$B$12) | K30: =IF(J30="","",J30*$B$15) | L30: =IF(D30="","",H30+E30-K30-G30*I30) | M30: {=IF(D30="","",IF(L30<=$B$16,INDEX(Aux_CAV!$B$2:$B$121,1),IF(L30>=$B$17,INDEX(Aux_CAV!$B$2:$B$121,$B$21),INDEX(Aux_CAV!$B$2:$B$121,AB30)+(L30-INDEX(Aux_CAV!$A$2:$A$121,AB30))*(INDEX(Aux_CAV!$B$2:$B$121,AB30+1)-INDEX(Aux_CAV!$B$2:$B$121,AB30))/(INDEX(Aux_CAV!$A$2:$A$121,AB30+1)-INDEX(Aux_CAV!$A$2:$A$121,AB30)))))} | N30: =IF(D30="","",(I30+M30)/2) | O30: =IF(D30="","",G30*N30) | P30: =IF(D30="","",H30+E30-K30-O30) | Q30: =IF(D30="","",IF(P30>=0,K30,MAX(0,K30+P30))) | R30: =IF(D30="","",Q30/$B$15) | S30: =IF(D30="","",MAX(0,J30-R30)) | T30: =IF(D30="","",MAX(0,Z30-$B$8)) | U30: =IF(D30="","",MAX(0,MIN($B$8,Z30))) | V30: =IF(D30="","",IF(S30>0.0000001,"Sim","Não")) | W30: =IF(D30="","",U30-(H30+E30-Q30-O30-T30)) | X30: =IF(W30="","",ABS(W30)) | Y30: =IF(U30="","",IF($B$8=0,0,U30/$B$8*100)) | Z30: =IF(D30="","",MAX(0,IF(P30>=0,P30,IF(K30+P30>=0,0,P30+K30)))) | AA30: =IF(D30="","",IF(H30<=$B$16,1,IF(H30>=$B$17,$B$21,MATCH(H30,Aux_CAV!$A$2:$A$121,1)))) | AB30: =IF(D30="","",IF(L30<=$B$16,1,IF(L30>=$B$17,$B$21,MATCH(L30,Aux_CAV!$A$2:$A$121,1)))) | AC30: =IF(D30="","",COUNT($D$24:D30))
A31: =IF(D31="","",DATE(B31,C31,1)) | B31: {=IF(D31="","",IFERROR(VALUE(INDEX(Vazoes_COLAR!$A$2:$A$200,INT((ROW()-24)/12)+1)),""))} | C31: =IF(D31="","",MOD(ROW()-24,12)+1) | D31: {=IF(ISBLANK(INDEX(Vazoes_COLAR!$B$2:$M$200,INT((ROW()-24)/12)+1,MOD(ROW()-24,12)+1)),"",IF(ISNUMBER(INDEX(Vazoes_COLAR!$B$2:$M$200,INT((ROW()-24)/12)+1,MOD(ROW()-24,12)+1)),INDEX(Vazoes_COLAR!$B$2:$M$200,INT((ROW()-24)/12)+1,MOD(ROW()-24,12)+1),IFERROR(numbervalue(INDEX(Vazoes_COLAR!$B$2:$M$200,INT((ROW()-24)/12)+1,MOD(ROW()-24,12)+1),",","."),"")))} | E31: =IF(D31="","",D31*$B$15) | F31: {=IF(D31="","",IFERROR(INDEX(Dados_Evap!$C$2:$N$15,MATCH($B$9,Dados_Evap!$A$2:$A$15,0),C31),0))} | G31: =IF(F31="","",F31/1000) | H31: =IF(D31="","",MAX(0,MIN($B$8,IFERROR(LOOKUP(2,1/($U$24:U30<>""),$U$24:U30),$B$11)))) | I31: {=IF(D31="","",IF(H31<=$B$16,INDEX(Aux_CAV!$B$2:$B$121,1),IF(H31>=$B$17,INDEX(Aux_CAV!$B$2:$B$121,$B$21),INDEX(Aux_CAV!$B$2:$B$121,AA31)+(H31-INDEX(Aux_CAV!$A$2:$A$121,AA31))*(INDEX(Aux_CAV!$B$2:$B$121,AA31+1)-INDEX(Aux_CAV!$B$2:$B$121,AA31))/(INDEX(Aux_CAV!$A$2:$A$121,AA31+1)-INDEX(Aux_CAV!$A$2:$A$121,AA31)))))} | J31: =IF(D31="","",$B$12) | K31: =IF(J31="","",J31*$B$15) | L31: =IF(D31="","",H31+E31-K31-G31*I31) | M31: {=IF(D31="","",IF(L31<=$B$16,INDEX(Aux_CAV!$B$2:$B$121,1),IF(L31>=$B$17,INDEX(Aux_CAV!$B$2:$B$121,$B$21),INDEX(Aux_CAV!$B$2:$B$121,AB31)+(L31-INDEX(Aux_CAV!$A$2:$A$121,AB31))*(INDEX(Aux_CAV!$B$2:$B$121,AB31+1)-INDEX(Aux_CAV!$B$2:$B$121,AB31))/(INDEX(Aux_CAV!$A$2:$A$121,AB31+1)-INDEX(Aux_CAV!$A$2:$A$121,AB31)))))} | N31: =IF(D31="","",(I31+M31)/2) | O31: =IF(D31="","",G31*N31) | P31: =IF(D31="","",H31+E31-K31-O31) | Q31: =IF(D31="","",IF(P31>=0,K31,MAX(0,K31+P31))) | R31: =IF(D31="","",Q31/$B$15) | S31: =IF(D31="","",MAX(0,J31-R31)) | T31: =IF(D31="","",MAX(0,Z31-$B$8)) | U31: =IF(D31="","",MAX(0,MIN($B$8,Z31))) | V31: =IF(D31="","",IF(S31>0.0000001,"Sim","Não")) | W31: =IF(D31="","",U31-(H31+E31-Q31-O31-T31)) | X31: =IF(W31="","",ABS(W31)) | Y31: =IF(U31="","",IF($B$8=0,0,U31/$B$8*100)) | Z31: =IF(D31="","",MAX(0,IF(P31>=0,P31,IF(K31+P31>=0,0,P31+K31)))) | AA31: =IF(D31="","",IF(H31<=$B$16,1,IF(H31>=$B$17,$B$21,MATCH(H31,Aux_CAV!$A$2:$A$121,1)))) | AB31: =IF(D31="","",IF(L31<=$B$16,1,IF(L31>=$B$17,$B$21,MATCH(L31,Aux_CAV!$A$2:$A$121,1)))) | AC31: =IF(D31="","",COUNT($D$24:D31))
A32: =IF(D32="","",DATE(B32,C32,1)) | B32: {=IF(D32="","",IFERROR(VALUE(INDEX(Vazoes_COLAR!$A$2:$A$200,INT((ROW()-24)/12)+1)),""))} | C32: =IF(D32="","",MOD(ROW()-24,12)+1) | D32: {=IF(ISBLANK(INDEX(Vazoes_COLAR!$B$2:$M$200,INT((ROW()-24)/12)+1,MOD(ROW()-24,12)+1)),"",IF(ISNUMBER(INDEX(Vazoes_COLAR!$B$2:$M$200,INT((ROW()-24)/12)+1,MOD(ROW()-24,12)+1)),INDEX(Vazoes_COLAR!$B$2:$M$200,INT((ROW()-24)/12)+1,MOD(ROW()-24,12)+1),IFERROR(numbervalue(INDEX(Vazoes_COLAR!$B$2:$M$200,INT((ROW()-24)/12)+1,MOD(ROW()-24,12)+1),",","."),"")))} | E32: =IF(D32="","",D32*$B$15) | F32: {=IF(D32="","",IFERROR(INDEX(Dados_Evap!$C$2:$N$15,MATCH($B$9,Dados_Evap!$A$2:$A$15,0),C32),0))} | G32: =IF(F32="","",F32/1000) | H32: =IF(D32="","",MAX(0,MIN($B$8,IFERROR(LOOKUP(2,1/($U$24:U31<>""),$U$24:U31),$B$11)))) | I32: {=IF(D32="","",IF(H32<=$B$16,INDEX(Aux_CAV!$B$2:$B$121,1),IF(H32>=$B$17,INDEX(Aux_CAV!$B$2:$B$121,$B$21),INDEX(Aux_CAV!$B$2:$B$121,AA32)+(H32-INDEX(Aux_CAV!$A$2:$A$121,AA32))*(INDEX(Aux_CAV!$B$2:$B$121,AA32+1)-INDEX(Aux_CAV!$B$2:$B$121,AA32))/(INDEX(Aux_CAV!$A$2:$A$121,AA32+1)-INDEX(Aux_CAV!$A$2:$A$121,AA32)))))} | J32: =IF(D32="","",$B$12) | K32: =IF(J32="","",J32*$B$15) | L32: =IF(D32="","",H32+E32-K32-G32*I32) | M32: {=IF(D32="","",IF(L32<=$B$16,INDEX(Aux_CAV!$B$2:$B$121,1),IF(L32>=$B$17,INDEX(Aux_CAV!$B$2:$B$121,$B$21),INDEX(Aux_CAV!$B$2:$B$121,AB32)+(L32-INDEX(Aux_CAV!$A$2:$A$121,AB32))*(INDEX(Aux_CAV!$B$2:$B$121,AB32+1)-INDEX(Aux_CAV!$B$2:$B$121,AB32))/(INDEX(Aux_CAV!$A$2:$A$121,AB32+1)-INDEX(Aux_CAV!$A$2:$A$121,AB32)))))} | N32: =IF(D32="","",(I32+M32)/2) | O32: =IF(D32="","",G32*N32) | P32: =IF(D32="","",H32+E32-K32-O32) | Q32: =IF(D32="","",IF(P32>=0,K32,MAX(0,K32+P32))) | R32: =IF(D32="","",Q32/$B$15) | S32: =IF(D32="","",MAX(0,J32-R32)) | T32: =IF(D32="","",MAX(0,Z32-$B$8)) | U32: =IF(D32="","",MAX(0,MIN($B$8,Z32))) | V32: =IF(D32="","",IF(S32>0.0000001,"Sim","Não")) | W32: =IF(D32="","",U32-(H32+E32-Q32-O32-T32)) | X32: =IF(W32="","",ABS(W32)) | Y32: =IF(U32="","",IF($B$8=0,0,U32/$B$8*100)) | Z32: =IF(D32="","",MAX(0,IF(P32>=0,P32,IF(K32+P32>=0,0,P32+K32)))) | AA32: =IF(D32="","",IF(H32<=$B$16,1,IF(H32>=$B$17,$B$21,MATCH(H32,Aux_CAV!$A$2:$A$121,1)))) | AB32: =IF(D32="","",IF(L32<=$B$16,1,IF(L32>=$B$17,$B$21,MATCH(L32,Aux_CAV!$A$2:$A$121,1)))) | AC32: =IF(D32="","",COUNT($D$24:D32))
A33: =IF(D33="","",DATE(B33,C33,1)) | B33: {=IF(D33="","",IFERROR(VALUE(INDEX(Vazoes_COLAR!$A$2:$A$200,INT((ROW()-24)/12)+1)),""))} | C33: =IF(D33="","",MOD(ROW()-24,12)+1) | D33: {=IF(ISBLANK(INDEX(Vazoes_COLAR!$B$2:$M$200,INT((ROW()-24)/12)+1,MOD(ROW()-24,12)+1)),"",IF(ISNUMBER(INDEX(Vazoes_COLAR!$B$2:$M$200,INT((ROW()-24)/12)+1,MOD(ROW()-24,12)+1)),INDEX(Vazoes_COLAR!$B$2:$M$200,INT((ROW()-24)/12)+1,MOD(ROW()-24,12)+1),IFERROR(numbervalue(INDEX(Vazoes_COLAR!$B$2:$M$200,INT((ROW()-24)/12)+1,MOD(ROW()-24,12)+1),",","."),"")))} | E33: =IF(D33="","",D33*$B$15) | F33: {=IF(D33="","",IFERROR(INDEX(Dados_Evap!$C$2:$N$15,MATCH($B$9,Dados_Evap!$A$2:$A$15,0),C33),0))} | G33: =IF(F33="","",F33/1000) | H33: =IF(D33="","",MAX(0,MIN($B$8,IFERROR(LOOKUP(2,1/($U$24:U32<>""),$U$24:U32),$B$11)))) | I33: {=IF(D33="","",IF(H33<=$B$16,INDEX(Aux_CAV!$B$2:$B$121,1),IF(H33>=$B$17,INDEX(Aux_CAV!$B$2:$B$121,$B$21),INDEX(Aux_CAV!$B$2:$B$121,AA33)+(H33-INDEX(Aux_CAV!$A$2:$A$121,AA33))*(INDEX(Aux_CAV!$B$2:$B$121,AA33+1)-INDEX(Aux_CAV!$B$2:$B$121,AA33))/(INDEX(Aux_CAV!$A$2:$A$121,AA33+1)-INDEX(Aux_CAV!$A$2:$A$121,AA33)))))} | J33: =IF(D33="","",$B$12) | K33: =IF(J33="","",J33*$B$15) | L33: =IF(D33="","",H33+E33-K33-G33*I33) | M33: {=IF(D33="","",IF(L33<=$B$16,INDEX(Aux_CAV!$B$2:$B$121,1),IF(L33>=$B$17,INDEX(Aux_CAV!$B$2:$B$121,$B$21),INDEX(Aux_CAV!$B$2:$B$121,AB33)+(L33-INDEX(Aux_CAV!$A$2:$A$121,AB33))*(INDEX(Aux_CAV!$B$2:$B$121,AB33+1)-INDEX(Aux_CAV!$B$2:$B$121,AB33))/(INDEX(Aux_CAV!$A$2:$A$121,AB33+1)-INDEX(Aux_CAV!$A$2:$A$121,AB33)))))} | N33: =IF(D33="","",(I33+M33)/2) | O33: =IF(D33="","",G33*N33) | P33: =IF(D33="","",H33+E33-K33-O33) | Q33: =IF(D33="","",IF(P33>=0,K33,MAX(0,K33+P33))) | R33: =IF(D33="","",Q33/$B$15) | S33: =IF(D33="","",MAX(0,J33-R33)) | T33: =IF(D33="","",MAX(0,Z33-$B$8)) | U33: =IF(D33="","",MAX(0,MIN($B$8,Z33))) | V33: =IF(D33="","",IF(S33>0.0000001,"Sim","Não")) | W33: =IF(D33="","",U33-(H33+E33-Q33-O33-T33)) | X33: =IF(W33="","",ABS(W33)) | Y33: =IF(U33="","",IF($B$8=0,0,U33/$B$8*100)) | Z33: =IF(D33="","",MAX(0,IF(P33>=0,P33,IF(K33+P33>=0,0,P33+K33)))) | AA33: =IF(D33="","",IF(H33<=$B$16,1,IF(H33>=$B$17,$B$21,MATCH(H33,Aux_CAV!$A$2:$A$121,1)))) | AB33: =IF(D33="","",IF(L33<=$B$16,1,IF(L33>=$B$17,$B$21,MATCH(L33,Aux_CAV!$A$2:$A$121,1)))) | AC33: =IF(D33="","",COUNT($D$24:D33))
A34: =IF(D34="","",DATE(B34,C34,1)) | B34: {=IF(D34="","",IFERROR(VALUE(INDEX(Vazoes_COLAR!$A$2:$A$200,INT((ROW()-24)/12)+1)),""))} | C34: =IF(D34="","",MOD(ROW()-24,12)+1) | D34: {=IF(ISBLANK(INDEX(Vazoes_COLAR!$B$2:$M$200,INT((ROW()-24)/12)+1,MOD(ROW()-24,12)+1)),"",IF(ISNUMBER(INDEX(Vazoes_COLAR!$B$2:$M$200,INT((ROW()-24)/12)+1,MOD(ROW()-24,12)+1)),INDEX(Vazoes_COLAR!$B$2:$M$200,INT((ROW()-24)/12)+1,MOD(ROW()-24,12)+1),IFERROR(numbervalue(INDEX(Vazoes_COLAR!$B$2:$M$200,INT((ROW()-24)/12)+1,MOD(ROW()-24,12)+1),",","."),"")))} | E34: =IF(D34="","",D34*$B$15) | F34: {=IF(D34="","",IFERROR(INDEX(Dados_Evap!$C$2:$N$15,MATCH($B$9,Dados_Evap!$A$2:$A$15,0),C34),0))} | G34: =IF(F34="","",F34/1000) | H34: =IF(D34="","",MAX(0,MIN($B$8,IFERROR(LOOKUP(2,1/($U$24:U33<>""),$U$24:U33),$B$11)))) | I34: {=IF(D34="","",IF(H34<=$B$16,INDEX(Aux_CAV!$B$2:$B$121,1),IF(H34>=$B$17,INDEX(Aux_CAV!$B$2:$B$121,$B$21),INDEX(Aux_CAV!$B$2:$B$121,AA34)+(H34-INDEX(Aux_CAV!$A$2:$A$121,AA34))*(INDEX(Aux_CAV!$B$2:$B$121,AA34+1)-INDEX(Aux_CAV!$B$2:$B$121,AA34))/(INDEX(Aux_CAV!$A$2:$A$121,AA34+1)-INDEX(Aux_CAV!$A$2:$A$121,AA34)))))} | J34: =IF(D34="","",$B$12) | K34: =IF(J34="","",J34*$B$15) | L34: =IF(D34="","",H34+E34-K34-G34*I34) | M34: {=IF(D34="","",IF(L34<=$B$16,INDEX(Aux_CAV!$B$2:$B$121,1),IF(L34>=$B$17,INDEX(Aux_CAV!$B$2:$B$121,$B$21),INDEX(Aux_CAV!$B$2:$B$121,AB34)+(L34-INDEX(Aux_CAV!$A$2:$A$121,AB34))*(INDEX(Aux_CAV!$B$2:$B$121,AB34+1)-INDEX(Aux_CAV!$B$2:$B$121,AB34))/(INDEX(Aux_CAV!$A$2:$A$121,AB34+1)-INDEX(Aux_CAV!$A$2:$A$121,AB34)))))} | N34: =IF(D34="","",(I34+M34)/2) | O34: =IF(D34="","",G34*N34) | P34: =IF(D34="","",H34+E34-K34-O34) | Q34: =IF(D34="","",IF(P34>=0,K34,MAX(0,K34+P34))) | R34: =IF(D34="","",Q34/$B$15) | S34: =IF(D34="","",MAX(0,J34-R34)) | T34: =IF(D34="","",MAX(0,Z34-$B$8)) | U34: =IF(D34="","",MAX(0,MIN($B$8,Z34))) | V34: =IF(D34="","",IF(S34>0.0000001,"Sim","Não")) | W34: =IF(D34="","",U34-(H34+E34-Q34-O34-T34)) | X34: =IF(W34="","",ABS(W34)) | Y34: =IF(U34="","",IF($B$8=0,0,U34/$B$8*100)) | Z34: =IF(D34="","",MAX(0,IF(P34>=0,P34,IF(K34+P34>=0,0,P34+K34)))) | AA34: =IF(D34="","",IF(H34<=$B$16,1,IF(H34>=$B$17,$B$21,MATCH(H34,Aux_CAV!$A$2:$A$121,1)))) | AB34: =IF(D34="","",IF(L34<=$B$16,1,IF(L34>=$B$17,$B$21,MATCH(L34,Aux_CAV!$A$2:$A$121,1)))) | AC34: =IF(D34="","",COUNT($D$24:D34))
A35: =IF(D35="","",DATE(B35,C35,1)) | B35: {=IF(D35="","",IFERROR(VALUE(INDEX(Vazoes_COLAR!$A$2:$A$200,INT((ROW()-24)/12)+1)),""))} | C35: =IF(D35="","",MOD(ROW()-24,12)+1) | D35: {=IF(ISBLANK(INDEX(Vazoes_COLAR!$B$2:$M$200,INT((ROW()-24)/12)+1,MOD(ROW()-24,12)+1)),"",IF(ISNUMBER(INDEX(Vazoes_COLAR!$B$2:$M$200,INT((ROW()-24)/12)+1,MOD(ROW()-24,12)+1)),INDEX(Vazoes_COLAR!$B$2:$M$200,INT((ROW()-24)/12)+1,MOD(ROW()-24,12)+1),IFERROR(numbervalue(INDEX(Vazoes_COLAR!$B$2:$M$200,INT((ROW()-24)/12)+1,MOD(ROW()-24,12)+1),",","."),"")))} | E35: =IF(D35="","",D35*$B$15) | F35: {=IF(D35="","",IFERROR(INDEX(Dados_Evap!$C$2:$N$15,MATCH($B$9,Dados_Evap!$A$2:$A$15,0),C35),0))} | G35: =IF(F35="","",F35/1000) | H35: =IF(D35="","",MAX(0,MIN($B$8,IFERROR(LOOKUP(2,1/($U$24:U34<>""),$U$24:U34),$B$11)))) | I35: {=IF(D35="","",IF(H35<=$B$16,INDEX(Aux_CAV!$B$2:$B$121,1),IF(H35>=$B$17,INDEX(Aux_CAV!$B$2:$B$121,$B$21),INDEX(Aux_CAV!$B$2:$B$121,AA35)+(H35-INDEX(Aux_CAV!$A$2:$A$121,AA35))*(INDEX(Aux_CAV!$B$2:$B$121,AA35+1)-INDEX(Aux_CAV!$B$2:$B$121,AA35))/(INDEX(Aux_CAV!$A$2:$A$121,AA35+1)-INDEX(Aux_CAV!$A$2:$A$121,AA35)))))} | J35: =IF(D35="","",$B$12) | K35: =IF(J35="","",J35*$B$15) | L35: =IF(D35="","",H35+E35-K35-G35*I35) | M35: {=IF(D35="","",IF(L35<=$B$16,INDEX(Aux_CAV!$B$2:$B$121,1),IF(L35>=$B$17,INDEX(Aux_CAV!$B$2:$B$121,$B$21),INDEX(Aux_CAV!$B$2:$B$121,AB35)+(L35-INDEX(Aux_CAV!$A$2:$A$121,AB35))*(INDEX(Aux_CAV!$B$2:$B$121,AB35+1)-INDEX(Aux_CAV!$B$2:$B$121,AB35))/(INDEX(Aux_CAV!$A$2:$A$121,AB35+1)-INDEX(Aux_CAV!$A$2:$A$121,AB35)))))} | N35: =IF(D35="","",(I35+M35)/2) | O35: =IF(D35="","",G35*N35) | P35: =IF(D35="","",H35+E35-K35-O35) | Q35: =IF(D35="","",IF(P35>=0,K35,MAX(0,K35+P35))) | R35: =IF(D35="","",Q35/$B$15) | S35: =IF(D35="","",MAX(0,J35-R35)) | T35: =IF(D35="","",MAX(0,Z35-$B$8)) | U35: =IF(D35="","",MAX(0,MIN($B$8,Z35))) | V35: =IF(D35="","",IF(S35>0.0000001,"Sim","Não")) | W35: =IF(D35="","",U35-(H35+E35-Q35-O35-T35)) | X35: =IF(W35="","",ABS(W35)) | Y35: =IF(U35="","",IF($B$8=0,0,U35/$B$8*100)) | Z35: =IF(D35="","",MAX(0,IF(P35>=0,P35,IF(K35+P35>=0,0,P35+K35)))) | AA35: =IF(D35="","",IF(H35<=$B$16,1,IF(H35>=$B$17,$B$21,MATCH(H35,Aux_CAV!$A$2:$A$121,1)))) | AB35: =IF(D35="","",IF(L35<=$B$16,1,IF(L35>=$B$17,$B$21,MATCH(L35,Aux_CAV!$A$2:$A$121,1)))) | AC35: =IF(D35="","",COUNT($D$24:D35))
A36: =IF(D36="","",DATE(B36,C36,1)) -> 4019 | B36: {=IF(D36="","",IFERROR(VALUE(INDEX(Vazoes_COLAR!$A$2:$A$200,INT((ROW()-24)/12)+1)),""))} -> 1911 | C36: =IF(D36="","",MOD(ROW()-24,12)+1) -> 1 | D36: {=IF(ISBLANK(INDEX(Vazoes_COLAR!$B$2:$M$200,INT((ROW()-24)/12)+1,MOD(ROW()-24,12)+1)),"",IF(ISNUMBER(INDEX(Vazoes_COLAR!$B$2:$M$200,INT((ROW()-24)/12)+1,MOD(ROW()-24,12)+1)),INDEX(Vazoes_COLAR!$B$2:$M$200,INT((ROW()-24)/12)+1,MOD(ROW()-24,12)+1),IFERROR(numbervalue(INDEX(Vazoes_COLAR!$B$2:$M$200,INT((ROW()-24)/12)+1,MOD(ROW()-24,12)+1),",","."),"")))} -> 0.12712467 | E36: =IF(D36="","",D36*$B$15) -> 0.32950714 | F36: {=IF(D36="","",IFERROR(INDEX(Dados_Evap!$C$2:$N$15,MATCH($B$9,Dados_Evap!$A$2:$A$15,0),C36),0))} -> 165.6 | G36: =IF(F36="","",F36/1000) -> 0.1656 | H36: =IF(D36="","",MAX(0,MIN($B$8,IFERROR(LOOKUP(2,1/($U$24:U35<>""),$U$24:U35),$B$11)))) -> 10.65 | I36: {=IF(D36="","",IF(H36<=$B$16,INDEX(Aux_CAV!$B$2:$B$121,1),IF(H36>=$B$17,INDEX(Aux_CAV!$B$2:$B$121,$B$21),INDEX(Aux_CAV!$B$2:$B$121,AA36)+(H36-INDEX(Aux_CAV!$A$2:$A$121,AA36))*(INDEX(Aux_CAV!$B$2:$B$121,AA36+1)-INDEX(Aux_CAV!$B$2:$B$121,AA36))/(INDEX(Aux_CAV!$A$2:$A$121,AA36+1)-INDEX(Aux_CAV!$A$2:$A$121,AA36)))))} -> 0.95108407 | J36: =IF(D36="","",$B$12) -> 0.25 | K36: =IF(J36="","",J36*$B$15) -> 0.648 | L36: =IF(D36="","",H36+E36-K36-G36*I36) -> 10.174008 | M36: {=IF(D36="","",IF(L36<=$B$16,INDEX(Aux_CAV!$B$2:$B$121,1),IF(L36>=$B$17,INDEX(Aux_CAV!$B$2:$B$121,$B$21),INDEX(Aux_CAV!$B$2:$B$121,AB36)+(L36-INDEX(Aux_CAV!$A$2:$A$121,AB36))*(INDEX(Aux_CAV!$B$2:$B$121,AB36+1)-INDEX(Aux_CAV!$B$2:$B$121,AB36))/(INDEX(Aux_CAV!$A$2:$A$121,AB36+1)-INDEX(Aux_CAV!$A$2:$A$121,AB36)))))} -> 0.93528786 | N36: =IF(D36="","",(I36+M36)/2) -> 0.94318597 | O36: =IF(D36="","",G36*N36) -> 0.1561916 | P36: =IF(D36="","",H36+E36-K36-O36) -> 10.175316 | Q36: =IF(D36="","",IF(P36>=0,K36,MAX(0,K36+P36))) -> 0.648 | R36: =IF(D36="","",Q36/$B$15) -> 0.25 | S36: =IF(D36="","",MAX(0,J36-R36)) -> 0 | T36: =IF(D36="","",MAX(0,Z36-$B$8)) -> 0 | U36: =IF(D36="","",MAX(0,MIN($B$8,Z36))) -> 10.175316 | V36: =IF(D36="","",IF(S36>0.0000001,"Sim","Não")) -> Não | W36: =IF(D36="","",U36-(H36+E36-Q36-O36-T36)) -> 0 | X36: =IF(W36="","",ABS(W36)) -> 0 | Y36: =IF(U36="","",IF($B$8=0,0,U36/$B$8*100)) -> 47.771434 | Z36: =IF(D36="","",MAX(0,IF(P36>=0,P36,IF(K36+P36>=0,0,P36+K36)))) -> 10.175316 | AA36: =IF(D36="","",IF(H36<=$B$16,1,IF(H36>=$B$17,$B$21,MATCH(H36,Aux_CAV!$A$2:$A$121,1)))) -> 5 | AB36: =IF(D36="","",IF(L36<=$B$16,1,IF(L36>=$B$17,$B$21,MATCH(L36,Aux_CAV!$A$2:$A$121,1)))) -> 5 | AC36: =IF(D36="","",COUNT($D$24:D36)) -> 1
... A1367: =IF(D1367="","",DATE(B1367,C1367,1)) -> 44531 | B1367: {=IF(D1367="","",IFERROR(VALUE(INDEX(Vazoes_COLAR!$A$2:$A$200,INT((ROW()-24)/12)+1)),""))} -> 2021 | C1367: =IF(D1367="","",MOD(ROW()-24,12)+1) -> 12 | D1367: {=IF(ISBLANK(INDEX(Vazoes_COLAR!$B$2:$M$200,INT((ROW()-24)/12)+1,MOD(ROW()-24,12)+1)),"",IF(ISNUMBER(INDEX(Vazoes_COLAR!$B$2:$M$200,INT((ROW()-24)/12)+1,MOD(ROW()-24,12)+1)),INDEX(Vazoes_COLAR!$B$2:$M$200,INT((ROW()-24)/12)+1,MOD(ROW()-24,12)+1),IFERROR(numbervalue(INDEX(Vazoes_COLAR!$B$2:$M$200,INT((ROW()-24)/12)+1,MOD(ROW()-24,12)+1),",","."),"")))} -> 0.068016758 | E1367: =IF(D1367="","",D1367*$B$15) -> 0.17629944 | F1367: {=IF(D1367="","",IFERROR(INDEX(Dados_Evap!$C$2:$N$15,MATCH($B$9,Dados_Evap!$A$2:$A$15,0),C1367),0))} -> 206 | G1367: =IF(F1367="","",F1367/1000) -> 0.206 | H1367: =IF(D1367="","",MAX(0,MIN($B$8,IFERROR(LOOKUP(2,1/($U$24:U1366<>""),$U$24:U1366),$B$11)))) -> 10.646211 | I1367: {=IF(D1367="","",IF(H1367<=$B$16,INDEX(Aux_CAV!$B$2:$B$121,1),IF(H1367>=$B$17,INDEX(Aux_CAV!$B$2:$B$121,$B$21),INDEX(Aux_CAV!$B$2:$B$121,AA1367)+(H1367-INDEX(Aux_CAV!$A$2:$A$121,AA1367))*(INDEX(Aux_CAV!$B$2:$B$121,AA1367+1)-INDEX(Aux_CAV!$B$2:$B$121,AA1367))/(INDEX(Aux_CAV!$A$2:$A$121,AA1367+1)-INDEX(Aux_CAV!$A$2:$A$121,AA1367)))))} -> 0.95095833 | J1367: =IF(D1367="","",$B$12) -> 0.25 | K1367: =IF(J1367="","",J1367*$B$15) -> 0.648 | L1367: =IF(D1367="","",H1367+E1367-K1367-G1367*I1367) -> 9.9786131 | M1367: {=IF(D1367="","",IF(L1367<=$B$16,INDEX(Aux_CAV!$B$2:$B$121,1),IF(L1367>=$B$17,INDEX(Aux_CAV!$B$2:$B$121,$B$21),INDEX(Aux_CAV!$B$2:$B$121,AB1367)+(L1367-INDEX(Aux_CAV!$A$2:$A$121,AB1367))*(INDEX(Aux_CAV!$B$2:$B$121,AB1367+1)-INDEX(Aux_CAV!$B$2:$B$121,AB1367))/(INDEX(Aux_CAV!$A$2:$A$121,AB1367+1)-INDEX(Aux_CAV!$A$2:$A$121,AB1367)))))} -> 0.92880353 | N1367: =IF(D1367="","",(I1367+M1367)/2) -> 0.93988093 | O1367: =IF(D1367="","",G1367*N1367) -> 0.19361547 | P1367: =IF(D1367="","",H1367+E1367-K1367-O1367) -> 9.9808951 | Q1367: =IF(D1367="","",IF(P1367>=0,K1367,MAX(0,K1367+P1367))) -> 0.648 | R1367: =IF(D1367="","",Q1367/$B$15) -> 0.25 | S1367: =IF(D1367="","",MAX(0,J1367-R1367)) -> 0 | T1367: =IF(D1367="","",MAX(0,Z1367-$B$8)) -> 0 | U1367: =IF(D1367="","",MAX(0,MIN($B$8,Z1367))) -> 9.9808951 | V1367: =IF(D1367="","",IF(S1367>0.0000001,"Sim","Não")) -> Não | W1367: =IF(D1367="","",U1367-(H1367+E1367-Q1367-O1367-T1367)) -> 0 | X1367: =IF(W1367="","",ABS(W1367)) -> 0 | Y1367: =IF(U1367="","",IF($B$8=0,0,U1367/$B$8*100)) -> 46.858662 | Z1367: =IF(D1367="","",MAX(0,IF(P1367>=0,P1367,IF(K1367+P1367>=0,0,P1367+K1367)))) -> 9.9808951 | AA1367: =IF(D1367="","",IF(H1367<=$B$16,1,IF(H1367>=$B$17,$B$21,MATCH(H1367,Aux_CAV!$A$2:$A$121,1)))) -> 5 | AB1367: =IF(D1367="","",IF(L1367<=$B$16,1,IF(L1367>=$B$17,$B$21,MATCH(L1367,Aux_CAV!$A$2:$A$121,1)))) -> 5 | AC1367: =IF(D1367="","",COUNT($D$24:D1367)) -> 1332

Sheet Vazoes_COLAR
A1: 0 | B1: JAN | C1: FEV | D1: MAR | E1: ABR | F1: MAI | G1: JUN | H1: JUL | I1: AGO | J1: SET | K1: OUT | L1: NOV | M1: DEZ | O1: COMO USAR
A2: 1910 | O2: Série histórica: 1910 a 2021. Cole as vazões em B2:M113 ou cole a tabela completa em A1:M113. Meses vazios antes da primeira vazão são ignorados automaticamente. Use vírgula decimal normalmente.
A3: 1911 | B3: 0.12712467 | C3: 0.10571466 | D3: 1.6950704 | E3: 0.54997658 | F3: 0.12824395 | G3: 0.31449704 | H3: 0.11941959 | I3: 0.12543632 | J3: 0.051466784 | K3: 0.024376975 | L3: 0.017519008 | M3: 0.19143111
A4: 1912 | B4: 0.90672902 | C4: 1.8975387 | D4: 3.15036 | E4: 2.1849772 | F4: 1.7093146 | G4: 0.96202859 | H4: 0.48902456 | I4: 0.4646938 | J4: 0.20942167 | K4: 0.10330101 | L4: 0.061381678 | M4: 0.041488587
A5: 1913 | B5: 0.075455413 | C5: 1.2003574 | D5: 1.659478 | E5: 1.9486066 | F5: 1.0985655 | G5: 0.67654885 | H5: 0.34560567 | I5: 0.24130998 | J5: 0.14423692 | K5: 0.09667497 | L5: 0.046860407 | M5: 0.13635842
A6: 1914 | B6: 0.33054285 | C6: 0.63639465 | D6: 0.48553654 | E6: 0.98809861 | F6: 0.43129977 | G6: 0.56250459 | H6: 0.18800519 | I6: 0.14652947 | J6: 0.075060056 | K6: 0.047241089 | L6: 0.022023064 | M6: 0.01295494
A7: 1915 | B7: 0.029040618 | C7: 0.038053229 | D7: 0.057744973 | E7: 0.2427255 | F7: 0.19001188 | G7: 0.045896834 | H7: 0.0095454134 | I7: 0.015161144 | J7: 0.0066632619 | K7: 0.0033789399 | L7: 0.0017459582 | M7: 0.012597903
A8: 1916 | B8: 0.1181617 | C8: 0.33943279 | D8: 1.713638 | E8: 1.4894437 | F8: 0.57946984 | G8: 0.54103011 | H8: 0.14917989 | I8: 0.10994413 | J8: 0.074160848 | K8: 0.041245042 | L8: 0.038828849 | M8: 0.088543677
A9: 1917 | B9: 0.67525039 | C9: 1.4337861 | D9: 2.3423192 | E9: 1.6247615 | F9: 2.3720965 | G9: 0.64464655 | H9: 0.35657865 | I9: 0.22061385 | J9: 0.14435801 | K9: 0.079399378 | L9: 0.11609172 | M9: 0.17630973
A10: 1918 | B10: 0.281595 | C10: 0.4293314 | D10: 1.0794758 | E10: 0.59151834 | F10: 1.1608564 | G10: 0.38623222 | H10: 0.18703984 | I10: 0.11722323 | J10: 0.071903931 | K10: 0.043630619 | L10: 0.022680482 | M10: 0.047499859
A11: 1919 | B11: 0.045268804 | C11: 0.059339836 | D11: 0.097109884 | E11: 0.081172321 | F11: 0.085768925 | G11: 0.027213367 | H11: 0.009630076 | I11: 0.025215008 | J11: 0.0057605334 | K11: 0.002338451 | L11: 0.0010733652 | M11: 0.0037080274
A12: 1920 | B12: 0.0024211444 | C12: 0.010664037 | D12: 1.3933628 | E12: 1.0852616 | F12: 0.7020693 | G12: 0.4564812 | H12: 0.19991202 | I12: 0.12513098 | J12: 0.077556829 | K12: 0.041248538 | L12: 0.026275 | M12: 0.086426273
A13: 1921 | B13: 0.13324309 | C13: 0.75489812 | D13: 2.3293505 | E13: 1.8233592 | F13: 1.3100642 | G13: 0.28677052 | H13: 0.4782214 | I13: 0.16289215 | J13: 0.15195331 | K13: 0.085869287 | L13: 0.086943668 | M13: 0.023536609
A14: 1922 | B14: 0.056950706 | C14: 0.15257928 | D14: 0.49022453 | E14: 1.0667684 | F14: 0.96181112 | G14: 0.31565945 | H14: 0.34685371 | I14: 0.14540514 | J14: 0.075914135 | K14: 0.041888133 | L14: 0.050079047 | M14: 0.022904477
... A113: 2021 | B113: 0.15644889 | C113: 0.20773569 | D113: 0.95459211 | E113: 0.66465208 | F113: 0.58173796 | G113: 0.19908358 | H113: 0.14970324 | I113: 0.06211576 | J113: 0.04124669 | K113: 0.026623807 | L113: 0.019999131 | M113: 0.068016758

Sheet Amostra_12_meses
A1: AMOSTRA DE 12 MESES PARA O PROTOCOLO DE VERIFICAÇÃO
A3: Escolha o ano em B5. Se o primeiro ano tiver apenas parte dos meses, somente os meses com dados aparecerão. P, R e T continuam opcionais para comparação com as saídas do simulador.
A5: Ano do relatório | B5: 1910 | D5: Opcional: cole nas colunas amarelas os resultados mensais exportados do simulador. As colunas adjacentes calculam as diferenças.
A7: Mês | B7: Data | C7: Q (m³/s) | D7: Afluência (hm³) | E7: Arm. inicial (hm³) | F7: Evap. (mm) | G7: Área média (km²) | H7: Evap. (hm³) | I7: Dem. sol. (m³/s) | J7: Dem. atend. (m³/s) | K7: Déficit (m³/s) | L7: Vertimento (hm³) | M7: Arm. final (hm³) | N7: Falha | O7: Resíduo ε (hm³) | P7: Vol. final SIM (hm³) | Q7: Dif. volume (hm³) | R7: Evap. SIM (hm³) | S7: Dif. evap. (hm³) | T7: Vert. SIM (hm³) | U7: Dif. vert. (hm³)
A8: JAN | B8: =DATE($B$5,1,1) -> 3654 | C8: {=IFERROR(INDEX(Verificacao!$D$24:$D$1367,MATCH($B8,Verificacao!$A$24:$A$1367,0)),"")} | D8: {=IFERROR(INDEX(Verificacao!$E$24:$E$1367,MATCH($B8,Verificacao!$A$24:$A$1367,0)),"")} | E8: {=IFERROR(INDEX(Verificacao!$H$24:$H$1367,MATCH($B8,Verificacao!$A$24:$A$1367,0)),"")} | F8: {=IFERROR(INDEX(Verificacao!$F$24:$F$1367,MATCH($B8,Verificacao!$A$24:$A$1367,0)),"")} | G8: {=IFERROR(INDEX(Verificacao!$N$24:$N$1367,MATCH($B8,Verificacao!$A$24:$A$1367,0)),"")} | H8: {=IFERROR(INDEX(Verificacao!$O$24:$O$1367,MATCH($B8,Verificacao!$A$24:$A$1367,0)),"")} | I8: {=IFERROR(INDEX(Verificacao!$J$24:$J$1367,MATCH($B8,Verificacao!$A$24:$A$1367,0)),"")} | J8: {=IFERROR(INDEX(Verificacao!$R$24:$R$1367,MATCH($B8,Verificacao!$A$24:$A$1367,0)),"")} | K8: {=IFERROR(INDEX(Verificacao!$S$24:$S$1367,MATCH($B8,Verificacao!$A$24:$A$1367,0)),"")} | L8: {=IFERROR(INDEX(Verificacao!$T$24:$T$1367,MATCH($B8,Verificacao!$A$24:$A$1367,0)),"")} | M8: {=IFERROR(INDEX(Verificacao!$U$24:$U$1367,MATCH($B8,Verificacao!$A$24:$A$1367,0)),"")} | N8: {=IFERROR(INDEX(Verificacao!$V$24:$V$1367,MATCH($B8,Verificacao!$A$24:$A$1367,0)),"")} | O8: {=IFERROR(INDEX(Verificacao!$W$24:$W$1367,MATCH($B8,Verificacao!$A$24:$A$1367,0)),"")} | Q8: =IF(OR(P8="",M8=""),"",P8-M8) | S8: =IF(OR(R8="",H8=""),"",R8-H8) | U8: =IF(OR(T8="",L8=""),"",T8-L8)
A9: FEV | B9: =DATE($B$5,2,1) -> 3685 | C9: {=IFERROR(INDEX(Verificacao!$D$24:$D$1367,MATCH($B9,Verificacao!$A$24:$A$1367,0)),"")} | D9: {=IFERROR(INDEX(Verificacao!$E$24:$E$1367,MATCH($B9,Verificacao!$A$24:$A$1367,0)),"")} | E9: {=IFERROR(INDEX(Verificacao!$H$24:$H$1367,MATCH($B9,Verificacao!$A$24:$A$1367,0)),"")} | F9: {=IFERROR(INDEX(Verificacao!$F$24:$F$1367,MATCH($B9,Verificacao!$A$24:$A$1367,0)),"")} | G9: {=IFERROR(INDEX(Verificacao!$N$24:$N$1367,MATCH($B9,Verificacao!$A$24:$A$1367,0)),"")} | H9: {=IFERROR(INDEX(Verificacao!$O$24:$O$1367,MATCH($B9,Verificacao!$A$24:$A$1367,0)),"")} | I9: {=IFERROR(INDEX(Verificacao!$J$24:$J$1367,MATCH($B9,Verificacao!$A$24:$A$1367,0)),"")} | J9: {=IFERROR(INDEX(Verificacao!$R$24:$R$1367,MATCH($B9,Verificacao!$A$24:$A$1367,0)),"")} | K9: {=IFERROR(INDEX(Verificacao!$S$24:$S$1367,MATCH($B9,Verificacao!$A$24:$A$1367,0)),"")} | L9: {=IFERROR(INDEX(Verificacao!$T$24:$T$1367,MATCH($B9,Verificacao!$A$24:$A$1367,0)),"")} | M9: {=IFERROR(INDEX(Verificacao!$U$24:$U$1367,MATCH($B9,Verificacao!$A$24:$A$1367,0)),"")} | N9: {=IFERROR(INDEX(Verificacao!$V$24:$V$1367,MATCH($B9,Verificacao!$A$24:$A$1367,0)),"")} | O9: {=IFERROR(INDEX(Verificacao!$W$24:$W$1367,MATCH($B9,Verificacao!$A$24:$A$1367,0)),"")} | Q9: =IF(OR(P9="",M9=""),"",P9-M9) | S9: =IF(OR(R9="",H9=""),"",R9-H9) | U9: =IF(OR(T9="",L9=""),"",T9-L9)
A10: MAR | B10: =DATE($B$5,3,1) -> 3713 | C10: {=IFERROR(INDEX(Verificacao!$D$24:$D$1367,MATCH($B10,Verificacao!$A$24:$A$1367,0)),"")} | D10: {=IFERROR(INDEX(Verificacao!$E$24:$E$1367,MATCH($B10,Verificacao!$A$24:$A$1367,0)),"")} | E10: {=IFERROR(INDEX(Verificacao!$H$24:$H$1367,MATCH($B10,Verificacao!$A$24:$A$1367,0)),"")} | F10: {=IFERROR(INDEX(Verificacao!$F$24:$F$1367,MATCH($B10,Verificacao!$A$24:$A$1367,0)),"")} | G10: {=IFERROR(INDEX(Verificacao!$N$24:$N$1367,MATCH($B10,Verificacao!$A$24:$A$1367,0)),"")} | H10: {=IFERROR(INDEX(Verificacao!$O$24:$O$1367,MATCH($B10,Verificacao!$A$24:$A$1367,0)),"")} | I10: {=IFERROR(INDEX(Verificacao!$J$24:$J$1367,MATCH($B10,Verificacao!$A$24:$A$1367,0)),"")} | J10: {=IFERROR(INDEX(Verificacao!$R$24:$R$1367,MATCH($B10,Verificacao!$A$24:$A$1367,0)),"")} | K10: {=IFERROR(INDEX(Verificacao!$S$24:$S$1367,MATCH($B10,Verificacao!$A$24:$A$1367,0)),"")} | L10: {=IFERROR(INDEX(Verificacao!$T$24:$T$1367,MATCH($B10,Verificacao!$A$24:$A$1367,0)),"")} | M10: {=IFERROR(INDEX(Verificacao!$U$24:$U$1367,MATCH($B10,Verificacao!$A$24:$A$1367,0)),"")} | N10: {=IFERROR(INDEX(Verificacao!$V$24:$V$1367,MATCH($B10,Verificacao!$A$24:$A$1367,0)),"")} | O10: {=IFERROR(INDEX(Verificacao!$W$24:$W$1367,MATCH($B10,Verificacao!$A$24:$A$1367,0)),"")} | Q10: =IF(OR(P10="",M10=""),"",P10-M10) | S10: =IF(OR(R10="",H10=""),"",R10-H10) | U10: =IF(OR(T10="",L10=""),"",T10-L10)
A11: ABR | B11: =DATE($B$5,4,1) -> 3744 | C11: {=IFERROR(INDEX(Verificacao!$D$24:$D$1367,MATCH($B11,Verificacao!$A$24:$A$1367,0)),"")} | D11: {=IFERROR(INDEX(Verificacao!$E$24:$E$1367,MATCH($B11,Verificacao!$A$24:$A$1367,0)),"")} | E11: {=IFERROR(INDEX(Verificacao!$H$24:$H$1367,MATCH($B11,Verificacao!$A$24:$A$1367,0)),"")} | F11: {=IFERROR(INDEX(Verificacao!$F$24:$F$1367,MATCH($B11,Verificacao!$A$24:$A$1367,0)),"")} | G11: {=IFERROR(INDEX(Verificacao!$N$24:$N$1367,MATCH($B11,Verificacao!$A$24:$A$1367,0)),"")} | H11: {=IFERROR(INDEX(Verificacao!$O$24:$O$1367,MATCH($B11,Verificacao!$A$24:$A$1367,0)),"")} | I11: {=IFERROR(INDEX(Verificacao!$J$24:$J$1367,MATCH($B11,Verificacao!$A$24:$A$1367,0)),"")} | J11: {=IFERROR(INDEX(Verificacao!$R$24:$R$1367,MATCH($B11,Verificacao!$A$24:$A$1367,0)),"")} | K11: {=IFERROR(INDEX(Verificacao!$S$24:$S$1367,MATCH($B11,Verificacao!$A$24:$A$1367,0)),"")} | L11: {=IFERROR(INDEX(Verificacao!$T$24:$T$1367,MATCH($B11,Verificacao!$A$24:$A$1367,0)),"")} | M11: {=IFERROR(INDEX(Verificacao!$U$24:$U$1367,MATCH($B11,Verificacao!$A$24:$A$1367,0)),"")} | N11: {=IFERROR(INDEX(Verificacao!$V$24:$V$1367,MATCH($B11,Verificacao!$A$24:$A$1367,0)),"")} | O11: {=IFERROR(INDEX(Verificacao!$W$24:$W$1367,MATCH($B11,Verificacao!$A$24:$A$1367,0)),"")} | Q11: =IF(OR(P11="",M11=""),"",P11-M11) | S11: =IF(OR(R11="",H11=""),"",R11-H11) | U11: =IF(OR(T11="",L11=""),"",T11-L11)
A12: MAI | B12: =DATE($B$5,5,1) -> 3774 | C12: {=IFERROR(INDEX(Verificacao!$D$24:$D$1367,MATCH($B12,Verificacao!$A$24:$A$1367,0)),"")} | D12: {=IFERROR(INDEX(Verificacao!$E$24:$E$1367,MATCH($B12,Verificacao!$A$24:$A$1367,0)),"")} | E12: {=IFERROR(INDEX(Verificacao!$H$24:$H$1367,MATCH($B12,Verificacao!$A$24:$A$1367,0)),"")} | F12: {=IFERROR(INDEX(Verificacao!$F$24:$F$1367,MATCH($B12,Verificacao!$A$24:$A$1367,0)),"")} | G12: {=IFERROR(INDEX(Verificacao!$N$24:$N$1367,MATCH($B12,Verificacao!$A$24:$A$1367,0)),"")} | H12: {=IFERROR(INDEX(Verificacao!$O$24:$O$1367,MATCH($B12,Verificacao!$A$24:$A$1367,0)),"")} | I12: {=IFERROR(INDEX(Verificacao!$J$24:$J$1367,MATCH($B12,Verificacao!$A$24:$A$1367,0)),"")} | J12: {=IFERROR(INDEX(Verificacao!$R$24:$R$1367,MATCH($B12,Verificacao!$A$24:$A$1367,0)),"")} | K12: {=IFERROR(INDEX(Verificacao!$S$24:$S$1367,MATCH($B12,Verificacao!$A$24:$A$1367,0)),"")} | L12: {=IFERROR(INDEX(Verificacao!$T$24:$T$1367,MATCH($B12,Verificacao!$A$24:$A$1367,0)),"")} | M12: {=IFERROR(INDEX(Verificacao!$U$24:$U$1367,MATCH($B12,Verificacao!$A$24:$A$1367,0)),"")} | N12: {=IFERROR(INDEX(Verificacao!$V$24:$V$1367,MATCH($B12,Verificacao!$A$24:$A$1367,0)),"")} | O12: {=IFERROR(INDEX(Verificacao!$W$24:$W$1367,MATCH($B12,Verificacao!$A$24:$A$1367,0)),"")} | Q12: =IF(OR(P12="",M12=""),"",P12-M12) | S12: =IF(OR(R12="",H12=""),"",R12-H12) | U12: =IF(OR(T12="",L12=""),"",T12-L12)
A13: JUN | B13: =DATE($B$5,6,1) -> 3805 | C13: {=IFERROR(INDEX(Verificacao!$D$24:$D$1367,MATCH($B13,Verificacao!$A$24:$A$1367,0)),"")} | D13: {=IFERROR(INDEX(Verificacao!$E$24:$E$1367,MATCH($B13,Verificacao!$A$24:$A$1367,0)),"")} | E13: {=IFERROR(INDEX(Verificacao!$H$24:$H$1367,MATCH($B13,Verificacao!$A$24:$A$1367,0)),"")} | F13: {=IFERROR(INDEX(Verificacao!$F$24:$F$1367,MATCH($B13,Verificacao!$A$24:$A$1367,0)),"")} | G13: {=IFERROR(INDEX(Verificacao!$N$24:$N$1367,MATCH($B13,Verificacao!$A$24:$A$1367,0)),"")} | H13: {=IFERROR(INDEX(Verificacao!$O$24:$O$1367,MATCH($B13,Verificacao!$A$24:$A$1367,0)),"")} | I13: {=IFERROR(INDEX(Verificacao!$J$24:$J$1367,MATCH($B13,Verificacao!$A$24:$A$1367,0)),"")} | J13: {=IFERROR(INDEX(Verificacao!$R$24:$R$1367,MATCH($B13,Verificacao!$A$24:$A$1367,0)),"")} | K13: {=IFERROR(INDEX(Verificacao!$S$24:$S$1367,MATCH($B13,Verificacao!$A$24:$A$1367,0)),"")} | L13: {=IFERROR(INDEX(Verificacao!$T$24:$T$1367,MATCH($B13,Verificacao!$A$24:$A$1367,0)),"")} | M13: {=IFERROR(INDEX(Verificacao!$U$24:$U$1367,MATCH($B13,Verificacao!$A$24:$A$1367,0)),"")} | N13: {=IFERROR(INDEX(Verificacao!$V$24:$V$1367,MATCH($B13,Verificacao!$A$24:$A$1367,0)),"")} | O13: {=IFERROR(INDEX(Verificacao!$W$24:$W$1367,MATCH($B13,Verificacao!$A$24:$A$1367,0)),"")} | Q13: =IF(OR(P13="",M13=""),"",P13-M13) | S13: =IF(OR(R13="",H13=""),"",R13-H13) | U13: =IF(OR(T13="",L13=""),"",T13-L13)
A14: JUL | B14: =DATE($B$5,7,1) -> 3835 | C14: {=IFERROR(INDEX(Verificacao!$D$24:$D$1367,MATCH($B14,Verificacao!$A$24:$A$1367,0)),"")} | D14: {=IFERROR(INDEX(Verificacao!$E$24:$E$1367,MATCH($B14,Verificacao!$A$24:$A$1367,0)),"")} | E14: {=IFERROR(INDEX(Verificacao!$H$24:$H$1367,MATCH($B14,Verificacao!$A$24:$A$1367,0)),"")} | F14: {=IFERROR(INDEX(Verificacao!$F$24:$F$1367,MATCH($B14,Verificacao!$A$24:$A$1367,0)),"")} | G14: {=IFERROR(INDEX(Verificacao!$N$24:$N$1367,MATCH($B14,Verificacao!$A$24:$A$1367,0)),"")} | H14: {=IFERROR(INDEX(Verificacao!$O$24:$O$1367,MATCH($B14,Verificacao!$A$24:$A$1367,0)),"")} | I14: {=IFERROR(INDEX(Verificacao!$J$24:$J$1367,MATCH($B14,Verificacao!$A$24:$A$1367,0)),"")} | J14: {=IFERROR(INDEX(Verificacao!$R$24:$R$1367,MATCH($B14,Verificacao!$A$24:$A$1367,0)),"")} | K14: {=IFERROR(INDEX(Verificacao!$S$24:$S$1367,MATCH($B14,Verificacao!$A$24:$A$1367,0)),"")} | L14: {=IFERROR(INDEX(Verificacao!$T$24:$T$1367,MATCH($B14,Verificacao!$A$24:$A$1367,0)),"")} | M14: {=IFERROR(INDEX(Verificacao!$U$24:$U$1367,MATCH($B14,Verificacao!$A$24:$A$1367,0)),"")} | N14: {=IFERROR(INDEX(Verificacao!$V$24:$V$1367,MATCH($B14,Verificacao!$A$24:$A$1367,0)),"")} | O14: {=IFERROR(INDEX(Verificacao!$W$24:$W$1367,MATCH($B14,Verificacao!$A$24:$A$1367,0)),"")} | Q14: =IF(OR(P14="",M14=""),"",P14-M14) | S14: =IF(OR(R14="",H14=""),"",R14-H14) | U14: =IF(OR(T14="",L14=""),"",T14-L14)
A15: AGO | B15: =DATE($B$5,8,1) -> 3866 | C15: {=IFERROR(INDEX(Verificacao!$D$24:$D$1367,MATCH($B15,Verificacao!$A$24:$A$1367,0)),"")} | D15: {=IFERROR(INDEX(Verificacao!$E$24:$E$1367,MATCH($B15,Verificacao!$A$24:$A$1367,0)),"")} | E15: {=IFERROR(INDEX(Verificacao!$H$24:$H$1367,MATCH($B15,Verificacao!$A$24:$A$1367,0)),"")} | F15: {=IFERROR(INDEX(Verificacao!$F$24:$F$1367,MATCH($B15,Verificacao!$A$24:$A$1367,0)),"")} | G15: {=IFERROR(INDEX(Verificacao!$N$24:$N$1367,MATCH($B15,Verificacao!$A$24:$A$1367,0)),"")} | H15: {=IFERROR(INDEX(Verificacao!$O$24:$O$1367,MATCH($B15,Verificacao!$A$24:$A$1367,0)),"")} | I15: {=IFERROR(INDEX(Verificacao!$J$24:$J$1367,MATCH($B15,Verificacao!$A$24:$A$1367,0)),"")} | J15: {=IFERROR(INDEX(Verificacao!$R$24:$R$1367,MATCH($B15,Verificacao!$A$24:$A$1367,0)),"")} | K15: {=IFERROR(INDEX(Verificacao!$S$24:$S$1367,MATCH($B15,Verificacao!$A$24:$A$1367,0)),"")} | L15: {=IFERROR(INDEX(Verificacao!$T$24:$T$1367,MATCH($B15,Verificacao!$A$24:$A$1367,0)),"")} | M15: {=IFERROR(INDEX(Verificacao!$U$24:$U$1367,MATCH($B15,Verificacao!$A$24:$A$1367,0)),"")} | N15: {=IFERROR(INDEX(Verificacao!$V$24:$V$1367,MATCH($B15,Verificacao!$A$24:$A$1367,0)),"")} | O15: {=IFERROR(INDEX(Verificacao!$W$24:$W$1367,MATCH($B15,Verificacao!$A$24:$A$1367,0)),"")} | Q15: =IF(OR(P15="",M15=""),"",P15-M15) | S15: =IF(OR(R15="",H15=""),"",R15-H15) | U15: =IF(OR(T15="",L15=""),"",T15-L15)
A16: SET | B16: =DATE($B$5,9,1) -> 3897 | C16: {=IFERROR(INDEX(Verificacao!$D$24:$D$1367,MATCH($B16,Verificacao!$A$24:$A$1367,0)),"")} | D16: {=IFERROR(INDEX(Verificacao!$E$24:$E$1367,MATCH($B16,Verificacao!$A$24:$A$1367,0)),"")} | E16: {=IFERROR(INDEX(Verificacao!$H$24:$H$1367,MATCH($B16,Verificacao!$A$24:$A$1367,0)),"")} | F16: {=IFERROR(INDEX(Verificacao!$F$24:$F$1367,MATCH($B16,Verificacao!$A$24:$A$1367,0)),"")} | G16: {=IFERROR(INDEX(Verificacao!$N$24:$N$1367,MATCH($B16,Verificacao!$A$24:$A$1367,0)),"")} | H16: {=IFERROR(INDEX(Verificacao!$O$24:$O$1367,MATCH($B16,Verificacao!$A$24:$A$1367,0)),"")} | I16: {=IFERROR(INDEX(Verificacao!$J$24:$J$1367,MATCH($B16,Verificacao!$A$24:$A$1367,0)),"")} | J16: {=IFERROR(INDEX(Verificacao!$R$24:$R$1367,MATCH($B16,Verificacao!$A$24:$A$1367,0)),"")} | K16: {=IFERROR(INDEX(Verificacao!$S$24:$S$1367,MATCH($B16,Verificacao!$A$24:$A$1367,0)),"")} | L16: {=IFERROR(INDEX(Verificacao!$T$24:$T$1367,MATCH($B16,Verificacao!$A$24:$A$1367,0)),"")} | M16: {=IFERROR(INDEX(Verificacao!$U$24:$U$1367,MATCH($B16,Verificacao!$A$24:$A$1367,0)),"")} | N16: {=IFERROR(INDEX(Verificacao!$V$24:$V$1367,MATCH($B16,Verificacao!$A$24:$A$1367,0)),"")} | O16: {=IFERROR(INDEX(Verificacao!$W$24:$W$1367,MATCH($B16,Verificacao!$A$24:$A$1367,0)),"")} | Q16: =IF(OR(P16="",M16=""),"",P16-M16) | S16: =IF(OR(R16="",H16=""),"",R16-H16) | U16: =IF(OR(T16="",L16=""),"",T16-L16)
A17: OUT | B17: =DATE($B$5,10,1) -> 3927 | C17: {=IFERROR(INDEX(Verificacao!$D$24:$D$1367,MATCH($B17,Verificacao!$A$24:$A$1367,0)),"")} | D17: {=IFERROR(INDEX(Verificacao!$E$24:$E$1367,MATCH($B17,Verificacao!$A$24:$A$1367,0)),"")} | E17: {=IFERROR(INDEX(Verificacao!$H$24:$H$1367,MATCH($B17,Verificacao!$A$24:$A$1367,0)),"")} | F17: {=IFERROR(INDEX(Verificacao!$F$24:$F$1367,MATCH($B17,Verificacao!$A$24:$A$1367,0)),"")} | G17: {=IFERROR(INDEX(Verificacao!$N$24:$N$1367,MATCH($B17,Verificacao!$A$24:$A$1367,0)),"")} | H17: {=IFERROR(INDEX(Verificacao!$O$24:$O$1367,MATCH($B17,Verificacao!$A$24:$A$1367,0)),"")} | I17: {=IFERROR(INDEX(Verificacao!$J$24:$J$1367,MATCH($B17,Verificacao!$A$24:$A$1367,0)),"")} | J17: {=IFERROR(INDEX(Verificacao!$R$24:$R$1367,MATCH($B17,Verificacao!$A$24:$A$1367,0)),"")} | K17: {=IFERROR(INDEX(Verificacao!$S$24:$S$1367,MATCH($B17,Verificacao!$A$24:$A$1367,0)),"")} | L17: {=IFERROR(INDEX(Verificacao!$T$24:$T$1367,MATCH($B17,Verificacao!$A$24:$A$1367,0)),"")} | M17: {=IFERROR(INDEX(Verificacao!$U$24:$U$1367,MATCH($B17,Verificacao!$A$24:$A$1367,0)),"")} | N17: {=IFERROR(INDEX(Verificacao!$V$24:$V$1367,MATCH($B17,Verificacao!$A$24:$A$1367,0)),"")} | O17: {=IFERROR(INDEX(Verificacao!$W$24:$W$1367,MATCH($B17,Verificacao!$A$24:$A$1367,0)),"")} | Q17: =IF(OR(P17="",M17=""),"",P17-M17) | S17: =IF(OR(R17="",H17=""),"",R17-H17) | U17: =IF(OR(T17="",L17=""),"",T17-L17)
A18: NOV | B18: =DATE($B$5,11,1) -> 3958 | C18: {=IFERROR(INDEX(Verificacao!$D$24:$D$1367,MATCH($B18,Verificacao!$A$24:$A$1367,0)),"")} | D18: {=IFERROR(INDEX(Verificacao!$E$24:$E$1367,MATCH($B18,Verificacao!$A$24:$A$1367,0)),"")} | E18: {=IFERROR(INDEX(Verificacao!$H$24:$H$1367,MATCH($B18,Verificacao!$A$24:$A$1367,0)),"")} | F18: {=IFERROR(INDEX(Verificacao!$F$24:$F$1367,MATCH($B18,Verificacao!$A$24:$A$1367,0)),"")} | G18: {=IFERROR(INDEX(Verificacao!$N$24:$N$1367,MATCH($B18,Verificacao!$A$24:$A$1367,0)),"")} | H18: {=IFERROR(INDEX(Verificacao!$O$24:$O$1367,MATCH($B18,Verificacao!$A$24:$A$1367,0)),"")} | I18: {=IFERROR(INDEX(Verificacao!$J$24:$J$1367,MATCH($B18,Verificacao!$A$24:$A$1367,0)),"")} | J18: {=IFERROR(INDEX(Verificacao!$R$24:$R$1367,MATCH($B18,Verificacao!$A$24:$A$1367,0)),"")} | K18: {=IFERROR(INDEX(Verificacao!$S$24:$S$1367,MATCH($B18,Verificacao!$A$24:$A$1367,0)),"")} | L18: {=IFERROR(INDEX(Verificacao!$T$24:$T$1367,MATCH($B18,Verificacao!$A$24:$A$1367,0)),"")} | M18: {=IFERROR(INDEX(Verificacao!$U$24:$U$1367,MATCH($B18,Verificacao!$A$24:$A$1367,0)),"")} | N18: {=IFERROR(INDEX(Verificacao!$V$24:$V$1367,MATCH($B18,Verificacao!$A$24:$A$1367,0)),"")} | O18: {=IFERROR(INDEX(Verificacao!$W$24:$W$1367,MATCH($B18,Verificacao!$A$24:$A$1367,0)),"")} | Q18: =IF(OR(P18="",M18=""),"",P18-M18) | S18: =IF(OR(R18="",H18=""),"",R18-H18) | U18: =IF(OR(T18="",L18=""),"",T18-L18)
A19: DEZ | B19: =DATE($B$5,12,1) -> 3988 | C19: {=IFERROR(INDEX(Verificacao!$D$24:$D$1367,MATCH($B19,Verificacao!$A$24:$A$1367,0)),"")} | D19: {=IFERROR(INDEX(Verificacao!$E$24:$E$1367,MATCH($B19,Verificacao!$A$24:$A$1367,0)),"")} | E19: {=IFERROR(INDEX(Verificacao!$H$24:$H$1367,MATCH($B19,Verificacao!$A$24:$A$1367,0)),"")} | F19: {=IFERROR(INDEX(Verificacao!$F$24:$F$1367,MATCH($B19,Verificacao!$A$24:$A$1367,0)),"")} | G19: {=IFERROR(INDEX(Verificacao!$N$24:$N$1367,MATCH($B19,Verificacao!$A$24:$A$1367,0)),"")} | H19: {=IFERROR(INDEX(Verificacao!$O$24:$O$1367,MATCH($B19,Verificacao!$A$24:$A$1367,0)),"")} | I19: {=IFERROR(INDEX(Verificacao!$J$24:$J$1367,MATCH($B19,Verificacao!$A$24:$A$1367,0)),"")} | J19: {=IFERROR(INDEX(Verificacao!$R$24:$R$1367,MATCH($B19,Verificacao!$A$24:$A$1367,0)),"")} | K19: {=IFERROR(INDEX(Verificacao!$S$24:$S$1367,MATCH($B19,Verificacao!$A$24:$A$1367,0)),"")} | L19: {=IFERROR(INDEX(Verificacao!$T$24:$T$1367,MATCH($B19,Verificacao!$A$24:$A$1367,0)),"")} | M19: {=IFERROR(INDEX(Verificacao!$U$24:$U$1367,MATCH($B19,Verificacao!$A$24:$A$1367,0)),"")} | N19: {=IFERROR(INDEX(Verificacao!$V$24:$V$1367,MATCH($B19,Verificacao!$A$24:$A$1367,0)),"")} | O19: {=IFERROR(INDEX(Verificacao!$W$24:$W$1367,MATCH($B19,Verificacao!$A$24:$A$1367,0)),"")} | Q19: =IF(OR(P19="",M19=""),"",P19-M19) | S19: =IF(OR(R19="",H19=""),"",R19-H19) | U19: =IF(OR(T19="",L19=""),"",T19-L19)

Sheet Dados_Acudes
A1: CORPO | B1: COD | C1: CAPAC_M3 | D1: MUNICIPIO | E1: BACIA | F1: EstEvap | G1: CSANGR | H1: CTOMADA | I1: LSANGR | J1: COEFSAGR | K1: AUX_CAV_INICIO | L1: AUX_CAV_QTD
A2: Acarape do Meio | B2: 78 | C2: 29600000 | D2: Redenção | E2: 10 | F2: 6 | G2: 130.02 | H2: 105.5 | I2: 53 | J2: 1.71 | K2: 1491 | L2: 32
A3: Acaraú Mirim | B3: 1 | C3: 36715658 | D3: Massapê | E3: 6 | F3: 11 | G3: 115 | H3: 106.5 | I3: 60 | J3: 1.6 | K3: 2 | L3: 17
A4: Adauto Bezerra | B4: 32 | C4: 4790000 | D4: Pereiro | E4: 4 | F4: 1 | G4: 100 | I4: 24 | J4: 1.6 | K4: 668 | L4: 13
A5: Amanary | B5: 45 | C5: 11010000 | D5: Maranguape | E5: 10 | F5: 13 | G5: 96 | I5: 19 | J5: 1.71 | K5: 858 | L5: 17
A6: Angicos | B6: 112 | C6: 56050000 | D6: Coreaú | E6: 7 | F6: 11 | G6: 105.5 | H6: 97.17 | I6: 100 | J6: 2 | K6: 1940 | L6: 22
A7: Aracoiaba | B7: 234 | C7: 162000000 | D7: Aracoiaba | E7: 10 | F7: 10 | G7: 95 | H7: 75 | I7: 32 | J7: 1.6 | K7: 3430 | L7: 24
A8: Araras | B8: 31 | C8: 859533000 | D8: Varjota | E8: 6 | F8: 11 | G8: 153 | H8: 129.5 | I8: 265 | J8: 2 | K8: 630 | L8: 38
A9: Arneiroz II | B9: 240 | C9: 187700000 | D9: Arneiroz | E9: 1 | F9: 12 | G9: 368 | H9: 345 | I9: 300 | J9: 1.6 | K9: 3528 | L9: 22
A10: Arrebita | B10: 83 | C10: 18530000 | D10: Forquilha | E10: 6 | F10: 11 | G10: 112 | H10: 102 | I10: 70 | J10: 1.6 | K10: 1599 | L10: 21
A11: Atalho | B11: 47 | C11: 72552000 | D11: Brejo Santo | E11: 2 | F11: 2 | G11: 425 | H11: 400 | I11: 90 | J11: 2 | K11: 890 | L11: 39
A12: Ayres de Sousa | B12: 49 | C12: 96800000 | D12: Sobral | E12: 6 | F12: 11 | G12: 95 | H12: 82 | I12: 106.05 | J12: 2 | K12: 941 | L12: 54
A13: Banabuiú | B13: 2 | C13: 1601000000 | D13: Banabuiú | E13: 3 | F13: 10 | G13: 142.5 | H13: 94.12 | I13: 100 | J13: 2 | K13: 19 | L13: 30
A14: Barra Velha | B14: 163 | C14: 99560000 | D14: Independência | E14: 9 | F14: 4 | G14: 333.6 | H14: 324.5 | I14: 310 | J14: 1.6 | K14: 2496 | L14: 19
A15: Barragem do Batalhão | B15: 202 | C15: 1638800 | D15: Crateús | E15: 9 | F15: 4 | G15: 99.85 | H15: 97.7 | I15: 600 | K15: 3121 | L15: 15
A16: Batente | B16: 173 | C16: 37000000 | D16: Ocara | E16: 10 | F16: 9 | G16: 71.86 | I16: 180 | K16: 2669 | L16: 18
A17: Benguê | B17: 177 | C17: 18425000 | D17: Aiuaba | E17: 1 | F17: 3 | G17: 448.54 | H17: 438 | I17: 150 | J17: 2 | K17: 2717 | L17: 28
A18: Bonito | B18: 64 | C18: 6000000 | D18: Ipú | E18: 6 | F18: 4 | G18: 104.5 | H18: 99 | J18: 1.6 | K18: 1224 | L18: 14
A19: Broco | B19: 125 | C19: 8442000 | D19: Tauá | E19: 1 | F19: 12 | G19: 100 | H19: 96 | K19: 2101 | L19: 16
A20: Cachoeira | B20: 170 | C20: 34330000 | D20: Aurora | E20: 2 | F20: 2 | G20: 305 | H20: 289 | I20: 76 | J20: 2 | K20: 2611 | L20: 20
A21: Caldeirões | B21: 217 | C21: 1130000 | D21: Saboeiro | E21: 1 | F21: 12 | G21: 100 | I21: 257.8 | J21: 1.2 | K21: 3360 | L21: 13
A22: Canafístula | B22: 74 | C22: 13110000 | D22: Iracema | E22: 4 | F22: 1 | G22: 101 | H22: 94.5 | I22: 60 | J22: 1.6 | K22: 1431 | L22: 14
A23: Canoas | B23: 127 | C23: 69250000 | D23: Assaré | E23: 1 | F23: 3 | G23: 393 | H23: 354 | I23: 50 | J23: 2 | K23: 2133 | L23: 42
A24: Capitão Mor | B24: 33 | C24: 6000000 | D24: Pedra Branca | E24: 3 | F24: 12 | G24: 97.3 | H24: 90 | I24: 90 | J24: 1.6 | K24: 681 | L24: 24
A25: Carão | B25: 65 | C25: 26230000 | D25: Tamboril | E25: 6 | F25: 4 | G25: 96 | H25: 86.5 | I25: 192.9 | J25: 1.6 | K25: 1238 | L25: 16
A26: Carmina | B26: 236 | C26: 13480000 | D26: Catunda | E26: 6 | F26: 4 | G26: 280 | H26: 267 | I26: 65 | J26: 1.6 | K26: 3473 | L26: 21
A27: Carnaubal | B27: 53 | C27: 46621000 | D27: Crateús | E27: 9 | F27: 4 | G27: 300 | H27: 290 | I27: 200 | J27: 2 | K27: 1055 | L27: 18
A28: Castanhão | B28: 194 | C28: 6700000000 | D28: Alto Santo | E28: 4 | F28: 9 | G28: 106 | H28: 57 | I28: 153 | J28: 2 | K28: 2962 | L28: 103
A29: Castro | B29: 97 | C29: 62310000 | D29: Itapiúna | E29: 10 | F29: 10 | G29: 151.5 | H29: 137 | I29: 80 | J29: 2 | K29: 1846 | L29: 16
A30: Catucinzenta | B30: 223 | C30: 24900000 | D30: Aquiraz | E30: 10 | F30: 5 | G30: 45 | H30: 38.13 | I30: 50 | J30: 2 | K30: 3399 | L30: 18
A31: Cauhipe | B31: 158 | C31: 12000000 | D31: Caucaia | E31: 10 | F31: 13 | G31: 36.89 | H31: 31.5 | I31: 120 | J31: 2 | K31: 2417 | L31: 13
A32: Caxitoré | B32: 3 | C32: 202000000 | D32: Umirim | E32: 8 | F32: 13 | G32: 73 | H32: 55 | I32: 63.6 | J32: 1.6 | K32: 49 | L32: 33
A33: Cedro | B33: 4 | C33: 126000000 | D33: Quixadá | E33: 3 | F33: 10 | G33: 114.5 | H33: 100.5 | I33: 75.27 | J33: 2 | K33: 82 | L33: 27
... A36: Colina | B36: 133 | C36: 4297203 | D36: Quiterianópolis | E36: 9 | F36: 12 | G36: 98 | H36: 94 | I36: 73 | J36: 1.6 | K36: 2266 | L36: 13
A37: Cupim | B37: 34 | C37: 4604394 | D37: Independência | E37: 9 | F37: 4 | G37: 98 | I37: 102 | J37: 1.6 | K37: 705 | L37: 13
A38: Curral Velho | B38: 197 | C38: 12170000 | D38: Morada Nova | E38: 3 | F38: 9 | G38: 84.6 | K38: 3065 | L38: 15
A39: Desterro | B39: 178 | C39: 5600000 | D39: Caridade | E39: 8 | F39: 13 | G39: 999.1 | I39: 80 | J39: 1.6 | K39: 2745 | L39: 14
A40: Diamante | B40: 60 | C40: 13200000 | D40: Coreaú | E40: 7 | F40: 11 | G40: 98 | I40: 100 | J40: 1.6 | K40: 1163 | L40: 14
A41: Diamantino II | B41: 215 | C41: 18040000 | D41: Marco | E41: 7 | F41: 11 | G41: 57 | H41: 50.5 | I41: 100 | J41: 1.2 | K41: 3323 | L41: 11
A42: Do Coronel | B42: 134 | C42: 1770000 | D42: Antonina do Norte | E42: 1 | F42: 3 | G42: 334 | H42: 323 | I42: 25.7 | J42: 1.6 | K42: 2279 | L42: 16
A43: Edson Queiroz | B43: 5 | C43: 254000000 | D43: Santa Quitéria | E43: 6 | F43: 11 | G43: 201 | H43: 178.02 | I43: 250.75 | J43: 2 | K43: 109 | L43: 8
A44: Ema | B44: 30 | C44: 10390000 | D44: Iracema | E44: 4 | F44: 1 | G44: 23.5 | H44: 16 | I44: 70 | J44: 1.6 | K44: 613 | L44: 17
A45: Escuridão | B45: 44 | C45: 2720000 | D45: Canindé | E45: 8 | F45: 10 | G45: 108.5 | H45: 98.38 | I45: 60 | J45: 1.6 | K45: 835 | L45: 23
A46: Facundo | B46: 208 | C46: 1750000 | D46: Parambu | E46: 1 | F46: 12 | G46: 100 | I46: 40 | J46: 1.2 | K46: 3190 | L46: 15
A47: Faé | B47: 239 | C47: 19200000 | D47: Quixelô | E47: 1 | F47: 7 | G47: 241.17 | H47: 232 | I47: 78 | J47: 1.6 | K47: 3501 | L47: 27
A48: Farias de Sousa | B48: 59 | C48: 12230000 | D48: Nova Russas | E48: 6 | F48: 4 | G48: 98 | H48: 89.5 | I48: 80 | J48: 1.6 | K48: 1147 | L48: 16
A49: Favelas | B49: 6 | C49: 30100000 | D49: Tauá | E49: 1 | F49: 12 | G49: 436 | H49: 428 | I49: 200 | J49: 1.6 | K49: 117 | L49: 13
A50: Figueiredo | B50: 212 | C50: 509693000 | D50: Alto Santo | E50: 4 | F50: 9 | G50: 99 | H50: 75 | I50: 250 | K50: 3247 | L50: 45
A51: Flor do Campo | B51: 172 | C51: 105000000 | D51: Novo Oriente | E51: 9 | F51: 4 | G51: 351 | H51: 340.5 | I51: 80 | J51: 2 | K51: 2645 | L51: 24
A52: Fogareiro | B52: 119 | C52: 118000000 | D52: Quixeramobim | E52: 3 | F52: 10 | G52: 236.2 | H52: 215.03 | I52: 160.12 | J52: 1.6 | K52: 2024 | L52: 22
A53: Forquilha | B53: 51 | C53: 50130000 | D53: Forquilha | E53: 6 | F53: 11 | G53: 112 | H53: 105.6 | I53: 50 | J53: 1.6 | K53: 1012 | L53: 23
A54: Forquilha II | B54: 72 | C54: 3400000 | D54: Tauá | E54: 1 | F54: 12 | G54: 98 | H54: 91.5 | I54: 40 | J54: 1.6 | K54: 1400 | L54: 13
A55: Frios | B55: 77 | C55: 33020000 | D55: Umirim | E55: 8 | F55: 13 | G55: 50 | H55: 39 | I55: 100 | J55: 2 | K55: 1469 | L55: 22
A56: Gameleira | B56: 210 | C56: 52642392 | D56: Itapipoca | E56: 11 | F56: 13 | G56: 37 | H56: 25.15 | I56: 80 | J56: 2 | K56: 3205 | L56: 19
A57: Gangorra | B57: 169 | C57: 54400000 | D57: Granja | E57: 7 | F57: 11 | G57: 38 | H57: 29.7 | I57: 40 | J57: 1.6 | K57: 2590 | L57: 21
A58: Gavião | B58: 95 | C58: 33300000 | D58: Pacatuba | E58: 10 | F58: 5 | G58: 36 | H58: 34 | I58: 20 | J58: 2 | K58: 1808 | L58: 18
A59: General Sampaio | B59: 7 | C59: 322200000 | D59: General Sampaio | E59: 8 | F59: 13 | G59: 124.5 | H59: 102.07 | I59: 150 | J59: 2 | K59: 130 | L59: 23
A60: Gerardo Atimbone | B60: 1123 | C60: 4000000 | D60: Sobral | E60: 11 | F60: 11 | G60: 100 | K60: 3624 | L60: 14
A61: Germinal | B61: 205 | C61: 2107201 | D61: Palmácia | E61: 10 | F61: 6 | G61: 354 | H61: 335 | I61: 50 | K61: 3149 | L61: 27
A62: Gomes | B62: 36 | C62: 2390000 | D62: Mauriti | E62: 2 | F62: 2 | G62: 425 | H62: 412.5 | I62: 25.5 | J62: 1.6 | K62: 730 | L62: 8
A63: Itapajé | B63: 211 | C63: 4240000 | D63: Itapajé | E63: 8 | F63: 13 | G63: 278 | H63: 264.83 | I63: 30 | J63: 2 | K63: 3224 | L63: 23
A64: Itapebussu | B64: 244 | C64: 6000000 | D64: Maranguape | E64: 10 | F64: 13 | G64: 116 | H64: 110.1 | I64: 90 | J64: 1.71 | K64: 3550 | L64: 15
A65: Itaúna | B65: 180 | C65: 72396177 | D65: Granja | E65: 7 | F65: 11 | G65: 32.5 | H65: 25.8 | I65: 60 | J65: 2 | K65: 2774 | L65: 21
A66: Jaburu I | B66: 69 | C66: 141000000 | D66: Ubajara | E66: 12 | F66: 14 | G66: 716.38 | H66: 694.05 | I66: 25.5 | J66: 2 | K66: 1313 | L66: 47
A67: Jaburu II | B67: 52 | C67: 101641000 | D67: Independência | E67: 9 | F67: 4 | G67: 102.08 | H67: 94.2 | I67: 126.35 | J67: 1.6 | K67: 1035 | L67: 20
A68: Jatobá | B68: 135 | C68: 1070000 | D68: Milhã | E68: 3 | F68: 10 | G68: 214 | H68: 209.3 | I68: 32 | J68: 1.6 | K68: 2295 | L68: 13
A69: Jatobá II | B69: 216 | C69: 6240000 | D69: Ipueiras | E69: 6 | F69: 11 | G69: 266 | I69: 30 | J69: 2 | K69: 3334 | L69: 26
A70: Jenipapeiro | B70: 171 | C70: 14586823 | D70: Dep. Irapuan Pinheiro | E70: 4 | F70: 7 | G70: 98.5 | H70: 90 | I70: 60 | J70: 2 | K70: 2631 | L70: 14
A71: Jenipapeiro II | B71: 1120 | C71: 41400000 | D71: Baixio | E71: 2 | F71: 7 | G71: 260 | H71: 251.5 | I71: 75 | K71: 3604 | L71: 20
A72: Jenipapo | B72: 213 | C72: 4939000 | D72: Meruoca | E72: 6 | F72: 6 | G72: 100 | K72: 3292 | L72: 31
A73: Jerimum | B73: 121 | C73: 20500000 | D73: Irauçuba | E73: 8 | F73: 13 | G73: 147 | H73: 132.5 | I73: 80 | J73: 1.6 | K73: 2046 | L73: 24
A74: João Luís | B74: 147 | C74: 4300000 | D74: Araripe | E74: 1 | F74: 8 | G74: 100 | I74: 28 | J74: 1.2 | K74: 2346 | L74: 21
A75: Joaquim Távora | B75: 28 | C75: 26772800 | D75: Jaguaribe | E75: 4 | F75: 7 | G75: 114.45 | H75: 106 | I75: 20 | J75: 1.6 | K75: 596 | L75: 10
A76: Junco | B76: 189 | C76: 2030000 | D76: Granjeiro | E76: 2 | F76: 2 | G76: 292.92 | K76: 2854 | L76: 20
A77: Lima Campos | B77: 63 | C77: 66380000 | D77: Icó | E77: 2 | F77: 7 | G77: 175.5 | H77: 165.8 | I77: 51.07 | J77: 1.6 | K77: 1203 | L77: 21
A78: Macacos | B78: 199 | C78: 10320000 | D78: Ibaretama | E78: 10 | F78: 10 | G78: 120 | H78: 110.4 | I78: 80 | J78: 1.71 | K78: 3080 | L78: 18
A79: Madeiro | B79: 164 | C79: 2810000 | D79: Pereiro | E79: 4 | F79: 1 | G79: 93 | I79: 50 | J79: 1.6 | K79: 2515 | L79: 13
A80: Malcozinhado | B80: 235 | C80: 36500000 | D80: Cascavel | E80: 10 | F80: 5 | G80: 24 | H80: 16.21 | I80: 60 | J80: 2 | K80: 3454 | L80: 19
A81: Mamoeiro | B81: 201 | C81: 20490000 | D81: Antonina do Norte | E81: 1 | F81: 3 | G81: 355 | H81: 346.55 | I81: 80 | J81: 2 | K81: 3098 | L81: 23
A82: Manoel Balbino | B82: 8 | C82: 37180000 | D82: Juazeiro do Norte | E82: 2 | F82: 2 | G82: 427 | H82: 401 | I82: 119 | J82: 1.6 | K82: 153 | L82: 38
A83: Maranguapinho | B83: 1124 | C83: 9350000 | D83: Maranguape | E83: 10 | F83: 5 | G83: 51.5 | H83: 47.2 | I83: 160 | J83: 1.6 | K83: 3638 | L83: 15
A84: Martinópole | B84: 126 | C84: 24830000 | D84: Martinópole | E84: 7 | F84: 11 | G84: 99 | H84: 93.48 | I84: 100 | J84: 1.6 | K84: 2117 | L84: 16
A85: Missi | B85: 1119 | C85: 54369090 | D85: Miraíma | E85: 11 | F85: 11 | G85: 54.7 | H85: 43.75 | I85: 150 | K85: 3584 | L85: 20
A86: Mons. Tabosa | B86: 161 | C86: 11700000 | D86: Mons. Tabosa | E86: 3 | F86: 10 | G86: 655 | H86: 643.65 | I86: 50 | J86: 1.6 | K86: 2476 | L86: 13
A87: Monte Belo | B87: 206 | C87: 3964000 | D87: Araripe | E87: 1 | F87: 3 | G87: 100 | I87: 25 | J87: 1.2 | K87: 3176 | L87: 14
A88: Mundaú | B88: 61 | C88: 21300000 | D88: Uruburetama | E88: 11 | F88: 13 | G88: 166.38 | H88: 138 | I88: 46 | J88: 1.6 | K88: 1177 | L88: 12
A89: Muquém | B89: 168 | C89: 46550000 | D89: Cariús | E89: 1 | F89: 7 | G89: 267 | H89: 252.8 | I89: 110 | J89: 2 | K89: 2557 | L89: 33
A90: Nova Floresta | B90: 26 | C90: 5194457 | D90: Jaguaribe | E90: 4 | F90: 7 | G90: 111 | H90: 104 | I90: 80.35 | J90: 1.6 | K90: 552 | L90: 19
A91: Olho d'Água | B91: 155 | C91: 19000000 | D91: Várzea Alegre | E91: 2 | F91: 2 | G91: 350 | H91: 336.5 | I91: 50 | J91: 1.6 | K91: 2384 | L91: 26
A92: Orós | B92: 9 | C92: 1940000000 | D92: Orós | E92: 1 | F92: 7 | G92: 199.5 | H92: 169 | I92: 150 | J92: 2 | K92: 191 | L92: 44
A93: Pacajus | B93: 80 | C93: 232000000 | D93: Pacajus | E93: 10 | F93: 5 | G93: 38 | H93: 25 | I93: 867 | J93: 1.6 | K93: 1544 | L93: 19
A94: Pacoti | B94: 88 | C94: 380000000 | D94: Horizonte | E94: 10 | F94: 5 | G94: 45 | H94: 31 | I94: 790 | J94: 1.6 | K94: 1679 | L94: 28
A95: Parambu | B95: 89 | C95: 8600000 | D95: Parambu | E95: 1 | F95: 12 | G95: 484.5 | H95: 476 | I95: 66 | J95: 1.6 | K95: 1707 | L95: 27
A96: Patos | B96: 56 | C96: 7550000 | D96: Sobral | E96: 11 | F96: 11 | G96: 106 | H96: 100.6 | I96: 102.41 | J96: 1.6 | K96: 1104 | L96: 14
A97: Patu | B97: 10 | C97: 65103000 | D97: Senador Pompeu | E97: 3 | F97: 10 | G97: 130 | H97: 112.09 | I97: 90 | J97: 1.6 | K97: 235 | L97: 33
A98: Pau Preto | B98: 148 | C98: 1900000 | D98: Potengi | E98: 1 | F98: 3 | G98: 998.09 | I98: 90.16 | J98: 1.6 | K98: 2367 | L98: 17
A99: Pedras Brancas | B99: 11 | C99: 456000000 | D99: Quixadá | E99: 3 | F99: 10 | G99: 127 | H99: 105 | I99: 105 | J99: 2 | K99: 268 | L99: 29
A100: Penedo | B100: 179 | C100: 2179000 | D100: Maranguape | E100: 10 | F100: 5 | G100: 998 | H100: 994.55 | I100: 30 | J100: 1.71 | K100: 2759 | L100: 15
A101: Pentecoste | B101: 12 | C101: 360000000 | D101: Pentecoste | E101: 8 | F101: 13 | G101: 58 | H101: 44.2 | I101: 348 | J101: 2 | K101: 297 | L101: 46
A102: Pesqueiro | B102: 192 | C102: 9031000 | D102: Capistrano | E102: 10 | F102: 10 | G102: 196.5 | H102: 184 | I102: 40 | J102: 1.71 | K102: 2937 | L102: 25
...

Sheet Dados_Evap
A1: COD | B1: MUNICIPIO | C1: JAN | D1: FEV | E1: MAR | F1: ABR | G1: MAI | H1: JUN | I1: JUL | J1: AGO | K1: SET | L1: OUT | M1: NOV | N1: DEZ | O1: TOTAL | P1: MEDIA_MMDIA
A2: 2 | B2: Barbalha | C2: 160 | D2: 124.3 | E2: 107.7 | F2: 100.5 | G2: 145.8 | H2: 161.3 | I2: 224.8 | J2: 268.7 | K2: 292.8 | L2: 262.9 | M2: 223.7 | N2: 216.1 | O2: 2288.6 | P2: 6.27
A3: 3 | B3: Campos Sales | C3: 175.2 | D3: 119.2 | E3: 102 | F3: 102.9 | G3: 154.4 | H3: 183.4 | I3: 235.2 | J3: 302.2 | K3: 312.7 | L3: 281.9 | M3: 275.7 | N3: 248.8 | O3: 2493.6 | P3: 6.83
A4: 4 | B4: Crateús | C4: 213.3 | D4: 148.5 | E4: 115.2 | F4: 96.4 | G4: 125.5 | H4: 168.2 | I4: 268.3 | J4: 321.6 | K4: 342 | L4: 398.3 | M4: 380.3 | N4: 326.8 | O4: 2904.4 | P4: 7.96
A5: 5 | B5: Fortaleza | C5: 120.1 | D5: 95.5 | E5: 72.4 | F5: 68.1 | G5: 84.6 | H5: 94.7 | I5: 118.3 | J5: 151.8 | K5: 167.8 | L5: 173.5 | M5: 168.1 | N5: 154.3 | O5: 1469.2 | P5: 4.03
A6: 6 | B6: Guaramiranga | C6: 58.8 | D6: 41 | E6: 29.3 | F6: 33.1 | G6: 30.7 | H6: 33.9 | I6: 42.8 | J6: 60.7 | K6: 73.6 | L6: 97.6 | M6: 78.2 | N6: 75 | O6: 654.7 | P6: 1.79
A7: 7 | B7: Iguatu | C7: 161.4 | D7: 113.6 | E7: 89.5 | F7: 86.4 | G7: 100.9 | H7: 147.1 | I7: 188.1 | J7: 217.8 | K7: 218.9 | L7: 236.6 | M7: 214.9 | N7: 212.8 | O7: 1988 | P7: 5.45
A8: 8 | B8: Jaguaruana | C8: 195.6 | D8: 142.5 | E8: 98 | F8: 91.7 | G8: 107 | H8: 121.5 | I8: 161.2 | J8: 195.1 | K8: 240.2 | L8: 230.4 | M8: 224.9 | N8: 196.5 | O8: 2004.6 | P8: 5.49
A9: 9 | B9: Morada Nova | C9: 207.7 | D9: 149.8 | E9: 87.7 | F9: 90.1 | G9: 112.4 | H9: 128.7 | I9: 179.6 | J9: 243.8 | K9: 246.7 | L9: 279.3 | M9: 259.9 | N9: 249.5 | O9: 2235.3 | P9: 6.12
A10: 10 | B10: Quixeramobim | C10: 189 | D10: 136.9 | E10: 102.9 | F10: 81.8 | G10: 83.6 | H10: 108.2 | I10: 149 | J10: 206.8 | K10: 245.9 | L10: 282.3 | M10: 241.3 | N10: 241.8 | O10: 2069.5 | P10: 5.67
A11: 11 | B11: Sobral | C11: 156.6 | D11: 125.2 | E11: 94.6 | F11: 101.6 | G11: 99.7 | H11: 116.6 | I11: 157.9 | J11: 191.3 | K11: 221.3 | L11: 224.7 | M11: 220 | N11: 205.2 | O11: 1914.7 | P11: 5.25
A12: 12 | B12: Tauá | C12: 220.3 | D12: 160.9 | E12: 119.2 | F12: 129.2 | G12: 131.7 | H12: 166.2 | I12: 225.9 | J12: 247.9 | K12: 273.7 | L12: 307.8 | M12: 289.7 | N12: 275.5 | O12: 2548 | P12: 6.98
A13: 1 | B13: Apodi | C13: 219.2 | D13: 155.3 | E13: 117 | F13: 117 | G13: 102 | H13: 134.9 | I13: 163.5 | J13: 218 | K13: 253.5 | L13: 261.3 | M13: 150.9 | N13: 252.6 | O13: 2145.9 | P13: 5.88
... A15: 14 | B15: Jaburu | C15: 120 | D15: 86 | E15: 70 | F15: 70 | G15: 74 | H15: 96 | I15: 140 | J15: 172 | K15: 187 | L15: 228 | M15: 219 | N15: 196 | O15: 1662 | P15: 4.54

Sheet Dados_CAV
A1: COD | B1: COTA | C1: VOLUME_M3 | D1: AREA_KM2 | E1: AUX_VOLUME_HM3
A2: 1 | B2: 101.61 | C2: 0 | D2: 0 | E2: 0
A3: 1 | B3: 102 | C3: 84 | D3: 0.0006 | E3: 8.4e-05
A4: 1 | B4: 103 | C4: 8779 | D4: 0.0485 | E4: 0.008779
A5: 1 | B5: 104 | C5: 241609 | D5: 0.4349 | E5: 0.241609
A6: 1 | B6: 105 | C6: 860257 | D6: 0.8266 | E6: 0.860257
A7: 1 | B7: 106 | C7: 1971518 | D7: 1.375 | E7: 1.971518
A8: 1 | B8: 107 | C8: 3576164 | D8: 1.8113 | E8: 3.576164
A9: 1 | B9: 108 | C9: 5602164 | D9: 2.2656 | E9: 5.602164
A10: 1 | B10: 109 | C10: 8113876 | D10: 2.8016 | E10: 8.113876
A11: 1 | B11: 110 | C11: 11290204 | D11: 3.5928 | E11: 11.290204
A12: 1 | B12: 111 | C12: 15239666 | D12: 4.2511 | E12: 15.239666
A13: 1 | B13: 112 | C13: 19787780 | D13: 4.8614 | E13: 19.78778
... A3673: 5000 | B3673: 99.5 | C3673: 90000 | D3673: 0 | E3673: 0.09

Sheet Aux_CAV
A1: Volume CAV selecionada (hm³) | B1: Área CAV selecionada (km²) | C1: Observação
A2: {=IF(ROW()-1<=Verificacao!$B$21,INDEX(Dados_CAV!$E:$E,Verificacao!$B$20+ROW()-2),1E+099)} -> 0 | B2: {=IF(ROW()-1<=Verificacao!$B$21,INDEX(Dados_CAV!$D:$D,Verificacao!$B$20+ROW()-2),IF(Verificacao!$B$21>0,INDEX(Dados_CAV!$D:$D,Verificacao!$B$20+Verificacao!$B$21-1),""))} -> 0 | C2: Aba auxiliar automática. Não é necessário editar.
A3: {=IF(ROW()-1<=Verificacao!$B$21,INDEX(Dados_CAV!$E:$E,Verificacao!$B$20+ROW()-2),1E+099)} -> 0.05 | B3: {=IF(ROW()-1<=Verificacao!$B$21,INDEX(Dados_CAV!$D:$D,Verificacao!$B$20+ROW()-2),IF(Verificacao!$B$21>0,INDEX(Dados_CAV!$D:$D,Verificacao!$B$20+Verificacao!$B$21-1),""))} -> 0.02
A4: {=IF(ROW()-1<=Verificacao!$B$21,INDEX(Dados_CAV!$E:$E,Verificacao!$B$20+ROW()-2),1E+099)} -> 0.84 | B4: {=IF(ROW()-1<=Verificacao!$B$21,INDEX(Dados_CAV!$D:$D,Verificacao!$B$20+ROW()-2),IF(Verificacao!$B$21>0,INDEX(Dados_CAV!$D:$D,Verificacao!$B$20+Verificacao!$B$21-1),""))} -> 0.29
A5: {=IF(ROW()-1<=Verificacao!$B$21,INDEX(Dados_CAV!$E:$E,Verificacao!$B$20+ROW()-2),1E+099)} -> 3.1 | B5: {=IF(ROW()-1<=Verificacao!$B$21,INDEX(Dados_CAV!$D:$D,Verificacao!$B$20+ROW()-2),IF(Verificacao!$B$21>0,INDEX(Dados_CAV!$D:$D,Verificacao!$B$20+Verificacao!$B$21-1),""))} -> 0.61
A6: {=IF(ROW()-1<=Verificacao!$B$21,INDEX(Dados_CAV!$E:$E,Verificacao!$B$20+ROW()-2),1E+099)} -> 6.7 | B6: {=IF(ROW()-1<=Verificacao!$B$21,INDEX(Dados_CAV!$D:$D,Verificacao!$B$20+ROW()-2),IF(Verificacao!$B$21>0,INDEX(Dados_CAV!$D:$D,Verificacao!$B$20+Verificacao!$B$21-1),""))} -> 0.82
A7: {=IF(ROW()-1<=Verificacao!$B$21,INDEX(Dados_CAV!$E:$E,Verificacao!$B$20+ROW()-2),1E+099)} -> 11.22 | B7: {=IF(ROW()-1<=Verificacao!$B$21,INDEX(Dados_CAV!$D:$D,Verificacao!$B$20+ROW()-2),IF(Verificacao!$B$21>0,INDEX(Dados_CAV!$D:$D,Verificacao!$B$20+Verificacao!$B$21-1),""))} -> 0.97
A8: {=IF(ROW()-1<=Verificacao!$B$21,INDEX(Dados_CAV!$E:$E,Verificacao!$B$20+ROW()-2),1E+099)} -> 16.51 | B8: {=IF(ROW()-1<=Verificacao!$B$21,INDEX(Dados_CAV!$D:$D,Verificacao!$B$20+ROW()-2),IF(Verificacao!$B$21>0,INDEX(Dados_CAV!$D:$D,Verificacao!$B$20+Verificacao!$B$21-1),""))} -> 1.14
A9: {=IF(ROW()-1<=Verificacao!$B$21,INDEX(Dados_CAV!$E:$E,Verificacao!$B$20+ROW()-2),1E+099)} -> 21.3 | B9: {=IF(ROW()-1<=Verificacao!$B$21,INDEX(Dados_CAV!$D:$D,Verificacao!$B$20+ROW()-2),IF(Verificacao!$B$21>0,INDEX(Dados_CAV!$D:$D,Verificacao!$B$20+Verificacao!$B$21-1),""))} -> 1.23
A10: {=IF(ROW()-1<=Verificacao!$B$21,INDEX(Dados_CAV!$E:$E,Verificacao!$B$20+ROW()-2),1E+099)} -> 22.5 | B10: {=IF(ROW()-1<=Verificacao!$B$21,INDEX(Dados_CAV!$D:$D,Verificacao!$B$20+ROW()-2),IF(Verificacao!$B$21>0,INDEX(Dados_CAV!$D:$D,Verificacao!$B$20+Verificacao!$B$21-1),""))} -> 1.25
A11: {=IF(ROW()-1<=Verificacao!$B$21,INDEX(Dados_CAV!$E:$E,Verificacao!$B$20+ROW()-2),1E+099)} -> 29.17 | B11: {=IF(ROW()-1<=Verificacao!$B$21,INDEX(Dados_CAV!$D:$D,Verificacao!$B$20+ROW()-2),IF(Verificacao!$B$21>0,INDEX(Dados_CAV!$D:$D,Verificacao!$B$20+Verificacao!$B$21-1),""))} -> 1.41
A12: {=IF(ROW()-1<=Verificacao!$B$21,INDEX(Dados_CAV!$E:$E,Verificacao!$B$20+ROW()-2),1E+099)} -> 36.49 | B12: {=IF(ROW()-1<=Verificacao!$B$21,INDEX(Dados_CAV!$D:$D,Verificacao!$B$20+ROW()-2),IF(Verificacao!$B$21>0,INDEX(Dados_CAV!$D:$D,Verificacao!$B$20+Verificacao!$B$21-1),""))} -> 1.51
A13: {=IF(ROW()-1<=Verificacao!$B$21,INDEX(Dados_CAV!$E:$E,Verificacao!$B$20+ROW()-2),1E+099)} -> 44.45 | B13: {=IF(ROW()-1<=Verificacao!$B$21,INDEX(Dados_CAV!$D:$D,Verificacao!$B$20+ROW()-2),IF(Verificacao!$B$21>0,INDEX(Dados_CAV!$D:$D,Verificacao!$B$20+Verificacao!$B$21-1),""))} -> 1.66
A14: {=IF(ROW()-1<=Verificacao!$B$21,INDEX(Dados_CAV!$E:$E,Verificacao!$B$20+ROW()-2),1E+099)} -> 1e+99 | B14: {=IF(ROW()-1<=Verificacao!$B$21,INDEX(Dados_CAV!$D:$D,Verificacao!$B$20+ROW()-2),IF(Verificacao!$B$21>0,INDEX(Dados_CAV!$D:$D,Verificacao!$B$20+Verificacao!$B$21-1),""))} -> 1.66
... A121: {=IF(ROW()-1<=Verificacao!$B$21,INDEX(Dados_CAV!$E:$E,Verificacao!$B$20+ROW()-2),1E+099)} -> 1e+99 | B121: {=IF(ROW()-1<=Verificacao!$B$21,INDEX(Dados_CAV!$D:$D,Verificacao!$B$20+ROW()-2),IF(Verificacao!$B$21>0,INDEX(Dados_CAV!$D:$D,Verificacao!$B$20+Verificacao!$B$21-1),""))} -> 1.66
